timestamp,frame,chat_text
0.0,0,오늘의 경험 굴히틀른 해우르 정보태그 붙이고 Npay포인트 :적립 화제의 인벤타리오 문구 소토어 랭킹 공개 전부 H7 취향 60욱 썸머 블프 최대 80% 궁루: 맛도리용 즈ㅂ말왕 88id오라면 나나용률 북중미 월드립은 2026 FIFA 하o 함께하세요 S3kdis-q7s 리어비웅름 사과도둑-n2w 天즈브즈브줬비즈ㅂ kimj- n 핑핑 Beginner0s0y 김미선-39 흘리몰리
1.0,60,오늘의 경험 굴히틀른 해우르 정보태그 붙이고 Npay포인트 적립 화제의 인벤타리오 문구 소토어 랭킹 공개 전부 H7 취향 60욱 썸머 블프 최대 80% 궁루 Szb-sippss 사과도둑n2w 2026 FIFA 북중미 하o 함께하세요 kimj-in 핑핑 Beginner_[ 030y 8용d 김미선-x3q 흘리몰리 YB-2000 말귄걸려라 hahahohojjang 제발!!!
2.0,120,오늘의 경험 굴히틀른 해우르 정보태그 붙이고 Npay포인트 적립 화제의 인벤타리오 문구 소토어 랭킹 공개 전부 Hi 취향 60욱 썸머 블프 최대 80% 궁루 kimj- n 핑핑 Beginner_o30y 말왕3트 2026 FIFA 북중미 하o 함께하세요 김미선-x3q 흘리몰리 S YTB-2000 hahahohojijang 제발!!! : 모 캔치elx 에겐왕 ?-+++++
3.0,180,오늘의 경험 굴하틀른 해우르 정보태그 붙이고 Npay포인트 적립 화제의 인벤타리오 문구 소토어 랭킹 공개 전부 Hi 취향 60욱 블프 최대 80% 궁루 김미선x3q 흘리몰리 말린걸려라 000z-aLxo피를 2026 FIFA 북중미 하o 함께하세요 _ Hahahohojang 제발!!! *9번곡문 밥부터먹자 킨치eix 에겐왕 hahahohojjang 말왕
4.0,240,오늘의 경험 굴하틀른 해우르 정보태그 붙이고 Npay포인트 적립 화제의 인벤타리오 문구 소토어 랭킹 공개 전부 Hi :취향 60욱 썸머 블프 최대 80% 궁루 YB-2000 월드입 'ahahohojang 제발!!! 2026 FIFA 북중미 하o이 함께하세요 킨치elx 에겐왕 k hahahohojjang 용림 ZZ0yUL 웃참맨!! YTB-2000 제발말권
5.0,300,|륵어 경험 '걸이물른 연결해요 정보태그 붙이고 Npay포인트 |히모후 인벤타리오 문구 스토어 랭킹 공개 천부 내 취향 65욱 블프 도 80% 루 hahahohojang 제발!! &9건곤문 2026 FIFA 북중미 이F! 8y위니루 칸치-elx 에겐왕 Guellououeyeu a 용름 - ZZoYuL- 훗참맨!! YTB-2000 제발말귄 라면주먹 mom용림
8.0,480,{
9.0,540,11
10.0,600,'+u-++ic- _____ 킨치elx 4핑핑크크 해울의 의유화f4p 1슬kUmj- In 이정토면하라는신희계시다그냥 크크크 스티말쁜새 4연핑도운명이지이건 -se9si 움
11.0,660,Op: 킨치elx 4핑핑크크 해울의 핑핑핑핑핑핑 [_유화+f4p n트km] 이정도면하라는신희계시다그냥 ㅋ크크 三티말쁜새 4연핑도운명이지이건 -se9si 움 H서
12.0,720,___ _제성유화4p R르kImj--In 이정도면하라는신의계시다그냥 티ㅋ 프니말쁜새 4연핑도운명이지이건 H -se9si 옷 user-gq8ih6kf5g 운명 유주
13.0,780,Too- - 피트kImj n 이정도면하라는신의계시다그냥 티코 4연핑토운명이지이건 ---se9si R- juser-gq8il6kf5g 운명 잉어허비무유료믹요 그 성현등h6z 4핑핑은그냥하라는거네크크터
14.0,840,一化말쁜새 4연핑도운명이지이건 [] --sse9si 호user-gq8ih6ki5g 운명 의질 그 언롬 성현동h62 4핑핑은그냥하라는커네크크크 S9n러위커우에고 _티밥촘먹자:
15.0,900,---se9si [e user-gq8ih6kf5g 운명 KR 핑님잘생겼습니다화이팅 언당 성현통기6z 4핑핑은그냥하라는거네크크 S9n거위거위하고 의미밥촘먹자 Olharrykimzzz3 4진핑티크크크크
16.0,960,[ire user-gq8ih6kf5g 운명 [[인돈 성현동h62 [바리러우우트긍잎요] |티크 용하니하니u6s 떠워 스化밥좀먹자: ROharrykimzuz3 4진핑 TOnamuo897 벙벙맨이노
17.0,1020,성현통16z 4핑핑은그냥하라는커네크크터 Sgn거위거우에t기 스仙밥촘먹자 핑핑맨은빨리하시죠 oharrykim77z3 4진핑 」」티크크크 Ro namuo897 뻥벙맨이노 0 Erse9si 웃참 eeeeeeeeeis 에반데
18.0,1080,성현동16z 4핑핑은그냥하라는거네되크터 S9n거위거우에의 스化밥좀먹자 oharrykimzz3 4진핑 Conamuo897 벙뱅맨이노 Erse9si 웃참 에반데 eeeeeeeeeis
19.0,1140,Sgn거위러우s 하프 스化밥촘먹자 Roharrykim77z3 4진핑크티크크크터 _rsnamuo897 레요 ---se9si 움참 eeeeeeeeei-s 에반데 Se9si 아
20.0,1200,"Doharrykimzz3 4진핑크크크크크 2680nueus t! 훗참 -se9si _ 에반데 eeeeeeeeeis [0]0 ""o Is6as--"
21.0,1260,퓨피밥촘먹자 핑핑맨은빨리하시죠 _o harrykimzzz3 4진핑 一크크 _ionamup897 벙뱅맨이노 [ mrse9si 훗참 eeeeeeeeei-s 에반데 IdI am isegsi아 스化쌉따라ick
22.0,1320,Ro harrykimzzz3 4진핑티크크크티크 Ng namuo897 뻥맨이노 -segdi옷참 eeeeeeeeeis 에반데 [S6as-- witn! 아 프티쌉싸라하쓰 야닻팡니 이번꺼무서움 C
23.0,1380,[gnamuo897 ---se9si 웃참 에반데 eeeeeeeeeis [맥[] -se9si 아 이번꺼무서움 R요Rock-_tripe 핑핑이가자
24.0,1440,Rrg namuo89z 웃참 ---se9si 에반데 eeeeeeeeeis --se9si 아 스티쌉싸라dick쓰 르공레n D야닻팡니 이번꺼무서움 _oRock_tripe 핑핑이가자
25.0,1500,스0쌈싸라dick쓰 HRo하! 이번꺼무서움 [Ur Rock_tripe 핑핑이가자 09N4공공e 웅림페야정극풍 dsi2205447 3 그 8 킨치elx 아이게더무서운데
26.0,1560,一化쌉싸라dick쓰 프르레o레o H요o의 이번꺼무서움 D요 Rocktripe 09N1공Ber 웅림야공극풍 O dsa2205447 3 킨치e 아이게더무서운데 맛이 [SD-!!!!!!!!!! +
27.0,1620,Li Rock tripe 핑핑이가자 옆에는앉아줘말왕 Cdsd220544게 3 공음니코 iililininili-psr _ aahahohofiang 공래야르원팀 一源말엄마
28.0,1680,09N어-Ber 웅림력야공극풍 dsd22054471 ? 8 킨치e1 아이게더무서운데 Roulliliiniili-psr 퍼刊이Jo앞요 _ hahalohojjang 말왕걸려야제대로인데 요ds22054기
29.0,1740,09N어공er 웅림터야성극o풍 0dsd22054471 o킨치elx Ij공남레니어 DOflililiililili-p3r [_ Wa hahahohojjang 비공개비야르웅림 스니말엄마 C0dsd22054471
38.0,2280,So__t -- --_- 그 En younsungoo0 리{ +}[ I 1 1 11 I I _oHereUselessHuman 큰 스커터7 '놀라라 으감나니 놀래라: 00nleejis8266 크크크크크크크크크덩크 Poe hahahohoijang 와시브놀래라
39.0,2340,_ 으감나니 래룩 0E nleejis8266 :타테크크크크크크크크팁터 L  hahahohojjang 와시브놀래라 [四화동동에 크크크크크크크크카 DIes Magigi-y5m 오우 COPPPpppPpdd 티一크크크크크크크트
40.0,2400,R_Magigiky5m 오우 OPPPrppPpdd 킹크크크크크크크크킹탑크 프커터기와 I user-fj6fn와즈는 티크티터 버느F허머휘머휘위뵈
44.0,2640,웅론용이 이건르놀랜넥크티크터 LLO YUB-2000 0트래곤라자1998 미친놈들아 高라면주먹 어우크크크크터 아티이상호날두33 다시를렛돌려 y user-Ig3tizif2t 옆에는앉아있자 _ s DdungddI-ik9;]
45.0,2700,변_- i- Dc_s__ 드_ *guserulgsti기f2t 어이공극o풍 KA DDUNGDDI-IkOC] 눔 eeeeeeeeeis 우 OIEjamidhdh 보리뤄하려크니o Mu 김수지w기 크타크카크크크크크크크 -
46.0,2760,___d__o bosi_ 이 _ eeeeeeeeei-s OEijamjdhdh 보러아려라니o 크크크크크크크터트 김수자w기 크크크크크크크크트 오커터7 등
47.0,2820,3ejamjdhdh 김의영y 비김수지w기i 요커터7 와 _Oa hahalohgjfang 개깜짝놀랐데 르 DDUNGDDiFIk9c] {등 hahohahai23
48.0,2880,스커터7 와 x hahahohojjang 개깜짝놀랐네르이 意 DDUNGDDI-Ik9C] 와 hahohaha123 [>radraindeer9n44! 아시비 _티맛도리용 무니데스니 포화속으로 Hanserif307
49.0,2940,unguirsE] Orrx hahohahai23 3층남아있었네크크크터 e radraindeergi44 스미맛도리용 무너데시브 hanserifs07 포화속으로 42bwawa12 크크크크크크크크크크크크터
50.0,3000,I tsncraamrunpne 맛도리용 무주느데 ]스ㅂ hanserif30z 포화속으로 426wawa12 크크크크크크크크카드 으미금붕에 다리도뿌러지네 Yihan-dsg 페커아공크림피이렁 ?
51.0,3060,ThanisEls uz? 426wawa12 티크크크크크크터 크크크는 크크크티티티크크크크크크크크크크터드 크드 三一三三三三三三三一三三一三三 으금붕에 다리도뿌러지네 Yihan-d3g 페커아공크프림니이커0 앗뜨거26 크크크크크크크 _김현정4j83 어디간거야크크
52.0,3120,크크크티크크크크크크크크크크크크 드리크는 크니크크크 다리도뿌러치네 Dy Yihan-d3g 페커아공피림바이커 앗뜨거26 터크크크크크티크크 一김현정p4j8e 어디간거야크ㅋ 이제것김준규6x +{
53.0,3180,|룩2피中 CT 0allen22 총알이네 의작 다들날라가심 김준규i6 Hahohaha123 김의영-y 핑니튀네 - 프티맛도리용 {등
54.0,3240,김준규6X Hahohaha123 Ion움s 핑즈너튀네 개놀랐네 Orjamjdhdh 이건한거네를렛크크크크크
55.0,3300,크크크크크크크크크크크 hahohaha123 Iopon움s 명영김의영Hy DSM2y지 개놀랐데 ODjamjdhdh 이건한거네룰렛 의 FRz280synss
56.0,3360,김의영Hly 프化맛도리용 와 eSM-a2yq 개놀랐네 오Ejamidhdh 이건한거네룰렛 80sxnes 다리까지뿔러먹노 _니동n2 M플룩리를
57.0,3420,핑느튀네 [_ SMqzy> 개놀랐네 으Fjamidhdh 이건한거네룰렛 Oscuks08 0웰엠씨 다리까지뿔러먹노 메0니동n2h 쥘라놀랐네
58.0,3480,핑一튀네 [_  SMqlzy> 개놀랐네 으rjamjdhdh 이건한거네룰렛 느느 크크크 O scuks08 다리까지뿔러먹노 _니동n2 쥘라놀랐네 시케
59.0,3540,와 __ SMrizyg 개놀랐네 OEjamjdhdh 이건한거네룰렛니게 크크크크 80synas0 다리까지뿔러먹노 _어니동n2h 쥘라놀랐네
60.0,3600,허 [_eESMgl2yq 개놀랐데 Upupuelee 이건한거네를렛라기 테코크터 무 80synos0 아웰엠씨다리까지뿔러먹노 비동기래 쥘라놀랐데는 COdsa2205447 와가정집이네크크
61.0,3660,눈++ +++x ito 으rjamjdhdh 이건한커네룰렛구크크크크크 Oscuks08 공어 다리까지뿔러먹노 니동n2h 쥘라놀랐네 Cdsa22054471 와가정집의네티터 42bwawa12 다큰성인남성들이이러는케 너무웃김
62.0,3720,Crntx - Orjamjdhdh 이건한거네룰렛기크크크크 Oscuks08 다리까지뿔러먹노 니동n2h 쥘라놀랐네 C0dsd220544771 와가정집이네티크 42bwawa12 다큰성인남성들이이러는게 너무움김
63.0,3780,Me  eIp Jamjah이컨한거네물렛리기크」크크 Oiscuks08 귀엽냐 프웰엠씨 다리까지뿔러먹노 모어니동n래 쥘라놀랐네 Odsd22054기 O42bwawa12 다큰성힌남성들이이러는게 너무김
64.0,3840,Flt 80sinbsi- 다리까지뿔러먹노 쥘라놀랐네 dsd2205447저 크크 142bwawa12 다큰성인남성들이이러는게 너무웃김 커터7용감하데
65.0,3900,- __ Coscuks08 귀엽냐 다리까지뿔러먹노 니동n2h 쉴라놀랐네 Ods122054471 e42bwawatl2 리이를링뮤럽 너무웃김 그커터7 용감하데
66.0,3960,-_+++* 그 구 니등n2h 쥘라놀랐네 20ds122054471 5 42bwawail2 다큰성인남성들이이러는게 너무웃김 4Bc 용감하네 eeeeeeeeeis 휘문해리이요요 Oaxxaxxaa 여기 줍니무서움타크크크
67.0,4020,_- +_ D__F-ff 42bwawa12 다큰성인남성들이이러는게 너무웃김 커터7 용감하네 eeeeeeeeei-s I의어휘문해이읊요 Co axxaxxaa 여기져니무서움타크카터 X_3ee 오우 <' _bpzc M퍼이왼ozl링
68.0,4080,++sc+ o- __ 너무웃김 커터7 용감하네 [ks eeeeeeeeei-s 어휘링묻해비이움윤 COlaxxaxxaa 여기지니무서움크크크크 X-3ee 오우 -] OzEd-ge 웅레노굴바 크크카크크크크크크크크
69.0,4140,"_____""다 __므t 너무웃김 커터 용감하네 S-iaaasaaaaa te COlaxxaxxaa 여기지니무서움크크커 XSee 오우 R_bpjzc Eec 여론조작말왕"
70.0,4200,퓨커터 용감하네 eeeeeeeeei-s COaxxaxxaa 여기즈니무서움타크크터 오우 < X-3ee EzEd-geo 바惠퍼이M레링 白여론조작말왕 맛도리용 저느무섭겠는데
71.0,4260,L buo-b6zeArer 9eejh2542 크크크크크크크스 말왕남편 에이스르드 ++++i Hahohaha123야 0  hahohaha123증다 0dsa22054471 |
72.0,4320,2leejh2542 크크크크크크크크크크크 1 +++' 의말왕남편 에이스니 Hahohaha123야 +++t Hahohaha123 좋다 _k으또안열리네 O dsa220541
73.0,4380,5sleejh2542 크코크크크터코크티크크크크트 의말왕남편 에이스니트 Hahohahai23 Thahohaha123증다 또안열리네 COds62205447 ~레터리문陽애 타카크크크크크크크
74.0,4440,말왕남편 에이스드 _x hahohahal23 야 Hahghahaj23 좋다 OK 또안열리네 C0dsd2205447 커크크크크크크크크트 커터7
75.0,4500,C0dsd2205441 유태양님과는다르네요~ C커터7 Ougxn11111 {등 0앗뜨커c2b 파플回리니o YTIB-2O00 이게남자지 Douser-gg8ih6kf5g 딸칵
76.0,4560,커터7 Gougxni1111 앗뜨거c2b 이게게임유튜버지 YB-2000 이게남자지 [Do user-gq8ih6kf5g 딸칵 F |옴는 우커터7 ?????????
77.0,4620,커터7 Cougxni111! 와 앗뜨거c2b 이게게임유튜버지 바를 YB-2000 이게남자지 D e user-gg8ih6kf5g 딸칵 |옴든D 우커터7 ?????????
78.0,4680,++++-+ -' -- -4
79.0,4740,"]tftt] +11 [1] ""---- i+4 L I-  :"
80.0,4800,++ -: '+--+ - -
81.0,4860,_u - eeeeeeeeei=s 아요 이티발목분쇄골절 이시우5v 99강화비둘기 왜자꾸스텝을 00킨치elx 이게쌍남자지 _o칸치elx
82.0,4920,__o_t- [_sxeeeeeeeeei-s 深옴글커M뉴 아요 ++ e 스티발목분쇄골절 공Moo 99강화비둘기 왜자꾸스텝을 0o킨치elx 이게쌍남자지 _o킨치elx 말왕여기까지30분걸림
83.0,4980,______ - -It_Out 아요 C피 발목분쇄골절 cmo 199강화비둘기 왜자꾸스텝을 Oo킨치elx 이게쌍남자지 Ro킨치ex 말왕여기까지30분걸림 o usergq8ih6kf5g 깡!
84.0,5040,多化발목분쇄골절 이시우15 大99강화비둘기 왜자꾸스텝을 _킨치el 이게쌍남자지 _o킨치eix 물르곱0피나웅름 Do user-gq8in6kf5g 깡! C티맛도리용 온다
85.0,5100,왜자꾸스템을 [z톨머휘266C0_! [이킨차elx 이게쌍남자지 一킨치elx 말왕여기까지30분걸림 0 user-gq8ih6kf5g 깡! 프미맛도리용 온다 으커터 발소리
86.0,5160,199강화비둘기 왜자꾸스텝을 9킨치ex 이게쌍남자지 _킨치ex [[ user-gq8ih6kf5g 깡! C化맛도리용온다 터 발소리 ns Magigi-y5m 코크크크코
87.0,5220,原용킨치elx 말왕여기까지30분걸림 [0 user-gq8ih6kf5g 源맛도리용 온다 C커터7 발소리 LMagigiv5m 크크크크크 COErileejis8266 loo러크공Y C커터기 발소리
88.0,5280,Lies user-gq8ih6kf5g 깡! 아티맛도리용 {궁 요커터7 발소리 Magigi-v5m COIEnleejis8266 Filoo러트공Y 오커터 발소리 K 또소리로겁주네
89.0,5340,[0 user-gq8ih6kf5g 깡! 오티맛도리용 온다 우커터7 발소리 a Magigiv5m 크크크크터 0nleejis8266 사운드가르이네 커터7 발소리 또소리로겁주네
90.0,5400,스化맛도리용 온다 커터 발소리 [_ Magigi-v5m 터크크터터 0 F nleejis8266 iloo래트공Y 커터 발소리 또소리로겁주네
91.0,5460,이맛도리용 온다 오커터7 발소리 LsMagigiFv5m 0nleejis8266 사운드가르0이네 커터7 발소리 주 또소리로겁주네
92.0,5520,_長맛도리용 온다 커터 발소리 so Magigiv5m 코쿠크크터 SEnleejis8266 HiloozLzu공Y 커터7 발소리 또소리로겁주네 最고류 복압잡고
93.0,5580,스夏맛도리용 온다 C커터7 발소리 Magigi-v5m 티카크크터 3Fnleejis8266 사운드가르0이네 커터7 발소리 또소리로겁주네
94.0,5640,오쿄맛도리용 온다 우커터 발소리 To Magigi-y5m 커크크크터 OEnleejis8266 사운드가르0이네 룸4바2c0 또소리로겁주네 의빨간실 복압잡고
95.0,5700,1 -
100.0,6000,_ eeeeeeeeei-s iseungjae082 지지맨님자막에깜놀주 요 Tiin 앗뜨거c2b 흡티크크크 [_Gtapuppy-dogo611 진짜핑핑맨진행속도 _cex hahohahau23
101.0,6060,nseunrgjaeuo 11 Lurut? 앗뜨거c2b 흡티티터 Bspuppy- -dog0611 Hahohaha123 국어어 A hahohahai23 후후후후할수있다픽맨
102.0,6120,ISeugjaeuoz 시시킨럽사력에럼 Tuu 앗뜨거c26 흡티터 _Gtspuppy -dog0611 { Hahohahai23 와한번에 Hahohahal23 KL
103.0,6180,-u- 대용에 앗뜨커c26 흡티크크크크 _arepuppy dogo611 t hahohahail23 와한번에 hahohaha123 OK 미퓨미르우우우로 Cocsj02873 바이는
104.0,6240,_____ t hahohahal23 와한번에 hahohaha123 더 미퓨미8크우우우우 Oo esjo2873 빨간실 종결침대 수택이 크크크
105.0,6300,hahohahail23 와한번에 [_浦門] hahohahaii23 OK 可비르우우우후 Scsjo2873 귀여워 종결침대 O0illil1xie 진지하게촘무섭긴하네이겐은
106.0,6360,C0 csj02873 옥빨간실 수댁이 크타크크크 _0illi-0xne 궁n[이레위교로함물너위y고 _우스에4 [돼지킹y아
107.0,6420,느 { Co illi-l-xike 긍性이커위R금묻터위y고 _우스에4 카크크크크티터크크터 [돼지킹y아 말왕이면이번판아침7씨까지함 0개99강화비둘기 뒤에서자꾸쉐도우복싱을크크 ofijamjdhdh 와 맛도리용 핑핑크크크크크크크
108.0,6480,- _ dilli-]1-xie _一우스04 카크크크크크크크크터 __돼지킹y9r 말왕이면이번판아침7시까지함 1199강화비둘기 뒤에서자꾸쉐도우복싱을나 으 Jjamijdhdh 와 맛도리용
109.0,6540,__-r 는 0 +는 _ _구우스C4 코크크쿄크크크크크크 日돼지킹y9r 말왕이면이번판아침씨까지함 I롤머휘26612I 뒤에서자꾸쉐도우복싱을크다 Crjamidhdh 와 맛도리용 핑핑크크크크 _x t hahohaha123 크크크크크
110.0,6600,+  conn - 볼 __ _우스C4 크크크크티크크크크크 이99강화비둘기 뒤에서자꾸쉐도우복징을코트 COEijamjdhdh 와- 맛도리용 [_宮 hahohaha123 크크크크크
111.0,6660,이0돼지킹y9r 1299강화비둘기 뒤에서자꾸쉐도우복징을크타 Jjamjdhdh와 어미맛도리용 hahohahal23 크크크크터 크크타크크크
112.0,6720,[Douser-gq8ih6kf5g hahthahai23 버o킴요 [eay Changeo684 카크크크크크 I fo옴tD으 극요 Blo-b6z-AEe 손? 오化맛도리용 걸렸다
113.0,6780,10 user-gq8in6kf5g 침대밑에서나올듯 hahohahai23 버lo읊요 Eg Changeo684 터크크크크크 오징어는 _건방29q-o1g손?
114.0,6840,Hahohaha123 그 Changeo684 크크크크크 오징어는 r건방-z9g-o1q슨? 티化맛도리용 뭔데저거 [2톨머휘2662
115.0,6900,오니맛도리용 뭔데저거 ] 톨머휘266! ' hahohaha123 손가락드터트 [99강화비둘기 손 이 Changeos84 퓨트 eeeeeeeeeis 저주인형?
116.0,6960,금모페릿 17199강화비둘기 + hahohahal23 손가락리터리트 톨머휘2661기 손 Changeo684 퓨트 eeeeeeeeei-s 저주인형? 00 hanserif307 징싱맨
117.0,7020,2톨머휘은66 - ? _x hahohaha123 손가락_트 톨H휘26612 손 Changeo684 퓨트 eeeeeeeeei-S 저주인형? a  hanserifs0z 싱싱맨 _ a hahahohajjang 손인데요仁帝
118.0,7080,Hahohaha2 0기99강화비둘기손 Changeo684 퓨트 eeeeeeeeeiEs 저주인형? hanserif30z 싱싱맨 i r hahahohojjang 손인데요니 C0csjo2873느 한시간 -+
119.0,7140,[112199강화비둘기손 Change0684 퓨트 저주인형? eeeeeeeeei-s hanserifs0z 싱싱맨 hahahohgljang 손인데요도 C0 csj02873 나니한시간 I롭머화266L7이
120.0,7200,Leeeeees 시구반성8 Hanserif30z 싱싱맨 [_ag hahahohajjang 손인데요紫 0 csj02873 ㄴㄴ 한시간 롬H26602 손 +_북북k9h 룸커요하이는 나오는게개사악하네마치월트컵먹히면안될골먹히 어가야할골안듭어가는거처럼
121.0,7260,Eeeeeeees시f킨경 _e hanserifs0z 싱싱맨 [_ a hahahohajiang 손인데요르 0csj02873 너느 한시간 [1099강화비둘기 손 디_북묵k9h 게임의진짜나올땐안나오고무방비 나오는게개자악하네마치월트컵먹히면안될골먹히 어가야할골안들어가는거처럼
122.0,7320,Beeeeeeeers 시경 스비서 Hanserif307 싱싱맨 Lio k hahahohojjang 손인데요르 O esj02873 너ㄴ 한시간 99강화비둘기 손 -묵묵k9h 나오는게개사악하네마치월드컵먹히면안될골먹히 물환극가를공룬려어나
123.0,7380,[__ Lranseusu! '__ hahahohojjang 손인데요르드 csjo2873 나ㄴ 한시간 1개99강화비물기 손 미묵묵k9h 게임이진짜나 나오는게개사악하네마치월드컵먹히던안될골먹히 라극나를공룬뤄어
124.0,7440,~sjuzons 냐느 교교 I롤머휘266? 손 禮몰묵묵k9h 피하미 나오는게개사악하네마치월드컵먹히면안될골먹히 라퓨리나하를공룬려어나0 주 [_ SMq2yq 손깍지 느느 hahohaha123
125.0,7500,Oouwsp물 Nz퍼룸_ 뒤에서더호들갑이네크크크크크 eeeeeeeeeis 터틴크크크크크크트 크크크크 _ eeeeeeeeei-s 민원크크크크크크코크트 Rsp-ueul서 시끄럽다고올라왔다크크크 스源맛도리용 나온다
126.0,7560,피크고 Kreeeeeeeeeis 크크크크크크크크크크카는 코코크크 eeeeeeeees민원크크크크크_크_드 크크크 Yihanedisg 시끄럽다고올라왔다크크크 이리맛도리용나온다 아뜨기r2h 프르뭉린피 ' 가작
127.0,7620,_르 Eeeeeeeeeis 크크크크타크크크크크 타타크터 eeeeeeeee-s민원크크크크크___E 크크크 oWihandeg 시끄럽다고올라왔다크크크 神下앗뜨커c2
128.0,7680,_르_ eeeeeeeeeiS 크큰크크브크크크크크크는 타타크터 eeeeeeeeei-s 민원크크크크크크크크카 쿠크크 oMhan d3g 시끄럽다고올라왔다크크크 오티맛도리용 나온다 핫뜨거c26 터쿄느뭉린숴피고 :_
129.0,7740,lo르__lIh!! eeeeeeeeei-s 카크크크카카크크크크크 eeeeeeeeei-s Yhan-dsg 사회 아티맛토리용 앗뜨커26 진짜누구옴?크크크
130.0,7800,드__는 eeeeeeeeeiEs 크크크크_크크크크크크 코즈티트 I ls e eeeeeeeeei-s 민원크크크크크크크크크드 __Yihan-d3g 니맛토리용 나온다 앗뜨커c2b 진짜누구옴?크크크
131.0,7860,EeeeeeeerF> 1 크크크크 _ eeeeeeeeei-s 민원크터크크티터 아Mihand3g 시끄럽다고올라왔다타크크 F 맛도리용 앗뜨커26 eeeeeeeeeis 캄카크카크
132.0,7920,eeeeeeeeeis 민원크크크크크터 Yihan-d3g CF 맛도리용 나온다 핫뜨거c2b 느느뭉스피고 eeeeeeeeei-s 칼라크 [0 건방29q-019
133.0,7980,eeeeeeeeeis 민원回크크크크크터는 _ Yihan-d3g 시끄럽다고올라왔다티크ㅋ 오티맛도리용 나온다 앗뜨거c2b 느느는용뭉는고 eeeeeeeeei-s 칼크크 _건방z9다01] 나와
134.0,8040,eeeeeeeees민원크크크크크크_드 조기 Mhan;dsg 시끄럽다고올라왔다크티터 오니맛도리용 러가 앗뜨거026 Geeeeeeeeis! 칼크크크 [건방z9qo1q] 천장?
135.0,8100,- _-+-- eeeeeeeeeis 민원크크크크크크크크크드 -- -- Yihand3g 시끄럽다고올라왔다티크터 오니맛도리용 나온다 앗뜨커C26 드느느뭉린복피고 eeeeeeeeei-S 칼三트 _건방z9q o1g E와
136.0,8160,Yihan-d3g 트맛도리용 앗뜨거c2h 바느느뭉피고 [_ eeeeeeeeei-s 칼크크 一건방 299-01q user-gq8ih6kf5g “너장 더
137.0,8220,그 & YihandBg _化맛도리용 나온다 [게용앗뜨커C26 느르一뭉뉘피고 eeeeeeeeeis 칼티터 건방-29901q [D user-gq8ih6kf5g 너장 '' [e user-ceghj9gn8p
138.0,8280,Yihand3g 시끄럽다고올라왔다크크크 터요十앗뜨커26 바느느뭉는피고 eeeeeeeeei-s 칼크터 29q01q [Cin user-gq8ih6kf5g 너장 _user-ceghjggn8p E
139.0,8340,_ ++ x- 부_ eeeeeeeeeis 칼카카터 Blo-b6z-REz er 이 [10user-gq8ih6kf5g 너장 user-cehj9gn8p 설마또위에? 거울 C0dsd2205447거1 크크카크크크크크크크크크크트
140.0,8400,- [03건방-299019 와 Juser-gg8ih6kf5g 너장 0 user-ceShj9gn8p 거움 C0ds122054471 크크크크크크크크크크크크크트 크크크크 몰락한비에고 이분은기가좀약하신거같은데
141.0,8460,t_- Di user-ce9hj9gn8p 거울 COdsd22054471 크크크크터크크크크터크카크트 크크크터 이몰락한비에고 이분은기가좀약하신거같은데 웅림노포굴bnoc 0user gg8ih6k5g 천장
142.0,8520,Godsd2205447 크트크크크크크크크크크 타크크 페이미는룸e 이분은기가좀약하신거같은데 웅림노_굴baoco 크크카크크크크 0o user-gq8ih6kf5g 천장 199강화비둘기 어타크크트
143.0,8580,로 모을 OugXn11111 서람장? 말씩맨 융노후유금 - 어졸리다아흐 G0csj02873 2여력공 티밥촘먹자: 나다눌러야되는거
144.0,8640,__ +++ _ -T- 0졸리다아흐 C0 csj02873 여린공 나다눌러야되는거 __ 김의영-Hly 해위늘를 이상호날두33 커튼방금상호작용된거아님? 커튼치는거아님?
145.0,8700,_- 유즐리다아흐 '기르 Co csj02873 오化밥촘먹자 나다눌러야되는거 8 김의영ly 클리해요 태이상호날두33 커튼방금상호작용된거아님? |o옴t대 커튼치는거아님?
146.0,8760,_o__f- 아즐리다아흐 rcsjo2873 2여린공 O미밥촘먹자: 나다눌러야되는거 김의영-1ly 클릭해요 - 프티이상호날두33 커튼방금상호작용된거아님? 이금붕에 커튼치는거아님?
147.0,8820,르즐리다아흐기르유투브보고옴 Ocsj02873 혀리공 O中밥촘먹자 약간김원식게임같은느낌하님 극쿄하록버 클릭해요 으F이상호날두33 커튼방금상호작용된거아님? 스化금붕어 커튼치는거아님?
148.0,8880,뭉니레메몰크드휘헤비크르스 Jesj02873안열랴요? 어化밥좀먹자약간김원식게임같은느낌아님?하 나다둘러야되는게 이상호날두33커튼방금상호작용된거아님? 프디금붕에커튼치는거아님?
149.0,8940,_O +:+- Ocsj0287z3 으티밥좀먹자: 나다눌러야되는거 해늘를 源이상호날두33 커튼방금상호작용된거아님? 1[6옴t대 커튼치는거아님? acatwithguitar 커트클리크기가
150.0,9000,- 0 Ocsj02873 혀리공 司밥촘먹자: 약간김원식게임같은느낌아님?하 나다눌러야되는거 + 김의영Hy 해하늘를 오타이상호날두33 급웅노후유몬음글 념 아미금붕에 커튼치는거아님? Io catwithguitar 커튼클릭긋기기
151.0,9060,__ Do __는 ____ 10 나다눌러야되는거 0김의영Hy 해늘를 으F 이상호날두33 커튼방금상호작용된거아님? 커튼치는거아님? _Ocatwithguitar 커튼클리기기기 ok 아님아까처럼문계속달그닥거려야하나 -eSMql2yg 가까이가보셈
152.0,9120,+++$+++++ Oa- 그 00 나다둘러야되는거 I dt+w 해늘를 스티이상호날두33 커튼방금상호작용된거아님? 이化금붕에 커튼치는거아님? Kocatwithguitar 커튼클리긋기기 k 아님아까처럼문계속달그닥거려야하나 _ ea SMql2yq 가까이가보셈
153.0,9180,iDo ____는 극머하록버고 해늘를 &8골류후워이 커튼방금상호작용된거아님? 커튼치는거아님? Ocatwithguitar 커튼클리지기 K 아님아까처럼문계속달그닥거려야하나 _ESMql2yq 가까이가보셈
154.0,9240,으고 이상호날두33 커튼방금상호작용된거아님? 커튼치는거아님? [Ygcatwithguitar 커튼클리커기에 커워야라늘트르는곱라떠이무 _SM-rl2yq 가까이가보셈 a 0XEB8888 긍리리루해위금굴르공노구 수이 커튼여릭
155.0,9300,요0금붕에 커튼치는거아님? [_igicatwithguitair 커튼클릭그기기 아님아까처럼문계속달그닥거려야하나 _s+SMql2yq 가까이가보겐 _Y a OxEB8888 긍리르애위금몰로공군 커튼여릭 으야
156.0,9360,이미금붕에 커튼치는거아님? gcatwithguitar 커튼클릭기기게 아님아까처럼문계속달그닥거려야하나 ESMr!2yq 물러스어떠2 O a OxEB8888 |긍리르해위금르공구 하상의 커튼여릭 으아
157.0,9420,0미금붕에| 커튼치는거아님? Tttit ocatwithguitar'커튼클릭국기기 KL에아님아까처럼문계속달크닥거려야하나 C SMrzyg 가까이가보겐 200XeB8888 손주운걸로뭐해야할거같은데 하 커튼여릭 OKL
158.0,9480,이化금붕에 커튼치는거아님? 19catwithguitar커튼클릭기고 이K이아님아까처럼문계속달크닥거려야하나 이SM지2y서 가까이가보셈 a 0XEB8888 |긍리스르해위바롤르공노로 커튼여릭 으아
159.0,9540,[Cagcatwithguitar 커틀클릭지기기 아님아까처럼문계속달그닥거려야하나 cakE SM-ql2yq 가까이가보셈 [1]00XEB8888 손주운걸로뭐해야할거같은데 해+의 커튼여릭 의주 S59%공들다 퍼애
160.0,9600,[o catwithguitar 커튼클리고기기 1적SMq2y지 가까이가보셈 0a 0xEB8888 손주운걸로뭐해야할거같은데 우수택이 커튼여릭 공하 Sss9%[공이히 러해
161.0,9660,1_킨치el 19건방-299-01g가 문열렸네 日김현정p4j8e 할만하다 Iz롬머266 저거웬즈데아손아니냐크크 hahohahai23 로눈뉴몬공神0 - 크크
162.0,9720,_아킨치el 1건방-29자01g가 문열렸데 그리크그 石김현정p4j8e 금음데0이 할만하다 中개99강화비둘기 저거웬즈데이손아니냐크 w hahohahal23 느드르는목공0
163.0,9780,_이킨치ex D건방-29p이19가 피림 문열렸네 薺델김현정p4j8e 드러더드 할만하다 99강화비둘기 저거웬즈데이손아니냐크티터 Do ra hahohahan2?
164.0,9840,[19건방-29g019가 머레림 문열렸네 日化김현정p4j8e 드러더드 금음터o 록머266 저거웬즈데이손아니냐크크 o hahohahai2? 느느비하르눈는목공려6
165.0,9900,[킨치el} [_건방29아01g가 石김현정p4j8e 금음테0 99강화비둘기 저거웬즈데이손아니냐크크 Owhahohaha123
166.0,9960,캔치e帝 |1 건방29q-o1q가 멜D帝 문열렸네 [김현정p4j8e 3기99강화비둘기 저거웬즈데이손아니냐크 hahohahan23 [Mo로눈뉴몰공N0 크트
167.0,10020,문열렸네 2김현정p4j83 금음noc I톨H휘2662 저거웬즈데이손아니냐크크 hahohaha123 N로는몬공레6 oiseungjae082 그냥끝까지잠겨있길바란핑필 개춘 하도
168.0,10080,_ ? 할만하다 199강화비둘기 저거웬즈데이손아니냐카티트 hahohaha123 Co iseungjae082 그냥끝까지잠겨있길바란핑핑 개춘 LoDulgida 반왔다 의주 일어휘고요 등하듭
169.0,10140,'+ __ __ : 톨머휘266 저거웬즈데이손아니냐크크 d hahohahaii23 Oiseungjae082 고냥끝까지잠겨있길바란핑핑 개춘 Lo Dulgida 반왔다 의주 위어휘컴요 해버고 쳐느시원시원하네ㅋ
170.0,10200,S jamidhdh 아까거디귀신은귀신도아니였네 이거지 킨치elx 핑핑쌍남자답다 _oDuilgida COK 이야문워크까지 웅림부로굴크o 문워크시전
171.0,10260,D음림 아까거미귀신은귀신도아니였네 말왕남편 이거지 _킨치elx _Obulgida OK 이야문워크까지 0白여론조작말왕 문워크시전 수플레스 문워크타크
172.0,10320,아까거미귀신은귀신도아니였네 이어지 치_킨치elx Epjnoc 이 KO 이야문크까지 웅려r굴b크Oc 문우크시전 수플렉스 문원크크
173.0,10380,금디음림요 아까거미귀신은귀신도아니였네 이거지 [_o킨치elx -ODulgida 입어휘유요 K 이야문워크까지 웅림포굴bno 문워크시전 우수플렉스 문원크크
174.0,10440,금피릿 말왕남편 이거지 개_용킨치e 핑핑쌍남자답다 ODulgida 잉어휘긋읊요 주 이야문워크까지 요白여론조작말왕 문워크시전 수플렉스 문원크티다
175.0,10500,[9킨치e1x Epbjnao 이야문원크까지 0o一여론조작말왕 문우크시전 수플레스 느타곰 해 핑핑맨공포영화주인공같음크크 [中건방-29q-01q 컨트롤보여줘
176.0,10560,1용킨치e1} Epbjnao 이야문원크까지 깃티여론조작말왕 문우크시전 수플렉스 수댄이 핑핑맨공포영화주인공같음크터 [D건방z9q-o1q 컨트롤보여줘
177.0,10620,10킨치e Dodulgida 입어휘긋p요요 거 이야문원크까지 웅려도굴no 문워크시전 수플렉스 핑핑맨공포영화주인공같음티크크 [_건방29qo1q 컨트롤보여줘
178.0,10680,Eppinac 이야문원크까지 [一되여론조작말왕 문워크시전 수플렉스 문원크타크 수댄이 핑핑맨공포영화주인공같음터크크 _an건방z9polq 런트롬보여줘 문안닫아도처절로닫힐듯
179.0,10740,Do Dulgida 이야문위크까지 一되여론조작말왕 수플렉스 문원크타크 Ih를a 핑핑맨공포영화주인공같음크크 [ a건방z9go1lq 턴트롤보여줘 이주 문안닫아도저절로닫힐듯
