time_ms,chat_message,label
3480178,ㄱㄱ,6
3480252,또 공략봄?,6
3480526,드가자잇,6
3480691,공략보고깸?,6
3480881,전국민 결혼 대작전 뭔가요?,6
3480943,ㅁㅊ 벽딸견,6
3480981,드가자~,6
3481466,할건해야제,6
3481591,ㄷㄱㅈ,6
3481674,스크래쳐 ㅋㅋ,6
3481712,ㄱㄱㄱ,6
3481839,드가자ㅏㅏㅏㅏㅏㅏㅏㅏ,6
3481872,드가자~~~,6
3482508,취호전견,6
3482527,{:d_94:},6
3482855,드가자,6
3482923,마추기,6
3483049,드가자,6
3483093,공략컵 인정못해,6
3483106,딸깔루,6
3483212,아...,6
3483254,양,6
3483255,모치양,6
3483346,드가자,6
3483404,포켓몬 맞추기,6
3483449,ㄱㄱㄱㄱㄱ,6
3483579,양과,6
3483645,드가자ㅏㅏㅏㅏㅏㅏㅏㅏㅏ,6
3483710,소원 의 별 언제하나요,6
3483758,또 벽딸을,6
3484202,여전하시네요,6
3484495,애교아님?,6
3484538,애교아님.,6
3484868,공략봄?,6
3485119,모 치즈 키,6
3485193,카에데양,6
3485538,(애교 아님),6
3485544,양~,6
3485556,(애교아님),6
3485689,배경화면이 참 좋네요,6
3485740,드디어,6
3485743,애교 아님 ㅋ,6
3485827,하골 하나?,6
3485894,카에데양...,6
3485910,양,6
3485936,ㄱㄱㄱ,6
3485995,카에데양,6
3485996,(애교아님),6
3486078,드가자ㅏㅏㅏㅏㅏㅏㅏㅏㅏㅏㅏㅏ,6
3486447,드가자,6
3486514,카에데양~~~~~~~~,6
3486587,애교임,6
3486697,윤상,6
3486700,ㄷㄱㅈ,6
3486801,ㄱㄱㄱㄱ,6
3486813,카에데양~~,6
3486846,(애교아님),6
3486881,모치양,6
3486900,범위기 쓰라고 이생퀴야,6
3487044,(애교안님,6
3487063,ㄷㄱㅈ!,6
3487072,모찌줄게 카에데,6
3487132,모치즈키 카에데양,6
3487173,재 드가자,6
3487187,공략 봤네,6
3487217,(애교아님),6
3487335,애교맞음,6
3487340,카에데양❤️,6
3487381,카에데양,6
3487547,ㄷㄱㅈ,6
3487645,애교는 댱이님 한테만~,6
3487749,(애교 아님),6
3487821,또 공략 보고 함?,6
3487843,(애교아님),6
3487874,카에데양....,6
3487879,카에데양,6
3487956,애교아님,6
3488042,(애교 아님),6
3488066,애교아ㅇ뉨,6
3488372,드가재ㅐㅐㅐ,6
3488413,카에데야앙~,6
3488418,드가자ㅏㅏㅏㅏㅏㅏㅏㅏㅏㅏㅏㅏㅏㅏㅏ,6
3488436,애교아님 ㅋㅋ,6
3488700,근데 참가자가 한명이면,6
3488721,푸키몬퀴주,6
3488784,드가자,6
3488802,애교아님.,6
3488836,(애교아님),6
3488843,(애교아님),6
3488967,ㄱㄱㄱㄱㄱ,6
3489062,모치츠키양,6
3489098,모찌양..,6
3489403,(애교아님),6
3489504,둑,6
3489584,(애교아님),6
3489631,애교 야님,6
3489659,{:d_108:}{:d_108:}{:d_108:}{:d_108:},6
3489777,모치즈키양,6
3489809,(애교 아님),6
3489931,애교아님,6
3490103,(애교아님),6
3490110,소원의 별좀 해라 진석아,6
3490317,에데양~,6
3490559,(애교아님),6
3490685,규리양,6
3490995,퀴즈쇼가 아니잖아,6
3491033,(애교아님),6
3491567,ㄱㄱㄱㄱㄱㄱㄱ,6
3491575,재밌겠다,6
3491682,웨교아ㅜ님,6
3491777,카에데양..,6
3492053,(애교아님),6
3492530,포맞,6
3492612,(애교아님),6
3492698,치즈양,6
3492784,드가자,6
3492999,의역) 그때는 애교였음,6
3493485,모치즈키카에데 양(애교아님),6
3493511,윤상,6
3493518,오,6
3493645,드가자,6
3493808,가자잇,6
3494072,카에데양~,6
3494184,카에데양...,6
3494320,모찌양,6
3494414,공업용 포켓몬,6
3494724,룰 뭐임?,6
3495228,ㄱㄱㄱㄱㄱ,6
3495394,가보자가보자,6
3495435,치즈치즈,6
3495564,{:d_57:}{:d_57:}{:d_57:},6
3495606,애교임,6
3497020,틀렸다고 무분별한 욕설은 자주해주시기바랍니다.,6
3497419,ㄱㄱㄱ,6
3497511,{:d_108:}{:d_108:}{:d_108:}{:d_108:},6
3497525,양,6
3497543,{:yunzinSsd:}{:yunzinSsd:}{:yunzinSsd:}{:yunzinSsd:}{:yunzinSsd:}{:yunzinSsd:}{:yunzinSsd:}{:yunzinSsd:}{:yunzinSsd:},6
3497556,카에데양~,6
3497691,애교아님,6
3497898,방송 안에 방송 안에방송 안에 방송 안에,6
3498015,애 교 부 리 기,6
3498217,윤상,6
3498989,외노자를 모셨어,6
3499000,맞히기...,6
3499161,ㄷㄱㅈ,6
3499318,카에데양...,6
3499559,카에데양,6
3499723,(애교아님ㅋ),6
3499791,상,6
3499984,상,6
3500192,단풍좌,6
3500207,카에데양(애교아님),6
3500314,근데 뭐 어케하는거임?,6
3500350,카에데상,6
3500647,카에데양~,6
3500691,ㅋㅋㅋ,6
3500714,상,6
3500810,상ㅋㅋ,6
3501055,ㅇ에?,6
3501228,(애교아님),6
3501301,군?,6
3501322,카에데상,6
3501350,가보자,6
3501352,양,6
3501442,군,6
3501732,한번만~,6
3501976,윤주 애교머신,6
3501992,카에데 샹,6
3502042,양,6
3502183,!!!,6
3502346,카에데 상~~~~~~~~~,6
3502435,{:d_94:}{:d_94:}{:d_94:}{:d_94:},6
3502454,ㄷㄱㅈ,6
3502544,상~,6
3502703,아.....,3
3502853,포맞퀴 카에데양과 함께,6
3502874,현직 일본인이 말아주는,6
3502881,애교아님,6
3502909,상,6
3502937,일본인임?,6
3502953,상,6
3502962,카에데상 처음 뵙겠습니다,6
3503042,카에데상,6
3503240,씨 붙혀라 댱이가 있는데,6
3503342,상,6
3503798,(애교아님),6
3503829,카에데양(애교아님),6
3503943,카에데상,6
3504169,먼닉소속 카에데상,6
3504567,카에데상,6
3504575,{:d_109:}{:d_109:}{:d_109:},6
3504635,앞으로 방송 키고 해라,6
3505448,ㅇㅋ,6
3505473,카에데 성공했,6
3505566,카에데양~,6
3505612,양양,6
3505823,짱,6
3505997,상,6
3506435,카에데양...,6
3506500,굿,6
3506518,카에데상...,6
3506552,윤상,6
3506625,모치즈키상,6
3506662,스시녀와 함께,6
3506694,윤상,6
3506982,참가자임?,6
3508256,모찌양 재밌는 분이지,6
3508362,진짜 일본인임??,6
3508378,카에데상~,6
3508761,전직 일본인도 있나?,6
3508805,현직,6
3508902,슬슬 합방시간 아닌가요??,6
3509010,니혼진,6
3509245,현직 일본인,6
3509529,카에데쨩,6
3509721,상,6
3510546,현직?,6
3510611,현직은 ㅋㅋㅋ,6
3510734,직?,6
3510909,ㅋㅌㅋㅋㅋ,6
3510925,외노자와 함께,6
3510927,현식!,6
3511099,윤상,6
3511194,카에데상!,6
3511209,ㄷㄱㅈㄷㄱㅈㄷㄱㅈㄷㄱㅈㄷㄱㅈ,6
3511393,윤상,6
3511573,현직?,6
3511615,상,6
3511624,ㄹㅇ일본인 ㄷㄷ,6
3511757,카에데상 (애교임),6
3511786,윤상,6
3511901,윤영,6
3512042,현직이셔,6
3512431,드가자이,6
3512501,포켓몬 고향,6
3513078,카에데샤앙..,6
3513081,현직 ㅇㅈㄹㅋㅋㅋ,6
3513096,ㄱㄱ혓,6
3513142,직업이 일본인,6
3513211,카에데상?,6
3513333,현?직,6
3513421,본토처자셔?,6
3513550,고고혓,6
3513565,일본인이 직업이냐고 ㅋㅋ,6
3513649,오..,6
3513665,현직일본인 ㅋㅋ,6
3513963,슈우웃,6
3514107,15,6
3514149,인....직,6
3514300,다 못맞추기만 해봐,6
3514358,틀리기만해봐라,6
3514510,ㄷㄱㅈ,6
3514532,전직은 뭐임?,6
3514731,카에데사아앙,6
3514799,전직은 뭐임?,6
3515036,또 여자야,6
3515600,현직 일본인,6
3515724,현직 니혼고,6
3515824,양지로 올라오려 하지마라 임마,6
3516254,현직?,6
3516307,정시입장,6
3516657,직업이셔?,6
3516679,타스트리머 비하 영구벤,6
3516796,ㄷㄱㄷㄱ,6
3517490,현재 직업이 일본인이라는게 뭔 말이야,6
3517653,전직도있음?,6
3517786,윤상,6
3517892,초면인가요?,6
3518065,김모찌양,6
3518078,전직은 뭐임?,6
3518134,진짜임,6
3518191,현직이 맞음?,6
3518283,95년생이라 귀가 슬슬 안들리는데 포켓몬 맞추기 를 오팬무 맞추기로 들었네,6
3518334,두가장,6
3518349,일본인이셔,6
3518356,さん,6
3518591,살기감지,6
3519175,전직은 뭐냐 그럼,6
3519265,ㄹㅇ이가,6
3519421,ㄹㅇ 니혼진,6
3519608,저분은,6
3519901,댱군~ 보고 있어?,6
3520417,한국말 못하냐,6
3520851,니혼지인,6
3520934,ㅇㅇ 맞음,6
3520955,현..직....,6
3520977,맞추기 드개재,6
3521019,가짜 일본인도 있음?,6
3521254,그때 마크에서 윤상 하시던분,6
3521442,신기하너,6
3521507,ㄹㅇ이가,6
3522044,본토인,6
3522615,?,6
3523081,진석쿤,6
3523144,그럼 일본어 이름으로도 나오나?,6
3523314,ㅔㅔ,6
3523343,여권,6
3523379,가짜 일본인이라도 있나요?,6
3523468,윤주권,6
3523771,가짜 일본인도 있음?,6
3523806,진짜 일본인임ㅇㅇ,6
3524184,아하 RP,6
3524495,오차즈케님은 뭐하시는분이셔?,6
3524955,진석쿤,6
3525192,?,6
3525346,??,6
3525366,영주권,6
3525484,?,6
3525543,?,6
3525816,ㄹㅇ이가,6
3525960,직업이셔?,6
3526108,모치즈키상,6
3526151,현지인말고 현직 ㅋㅋㅋ,6
3526179,시민권,6
3526199,국적?,6
3526272,시민권?,6
3526312,국적?,6
3526422,시민권자,6
3526610,진석쨩,6
3526966,영듀구ㅗㄴ,6
3526997,일본에 살잖아,6
3527263,가짜 일본인도 있음?,6
3527285,ㄹㅇ니혼진임,6
3527322,현지인?,6
3527706,그럼 뭐 가짜 일본인도 있음?,6
3527911,거기서 태어난,6
3527955,윤주권,6
3528174,국적이요?,6
3528253,인권,6
3528304,국적?,6
3528518,영주권?,6
3528601,인권,6
3528624,?,6
3528643,국적,6
3528764,시민권은 ㅋㅋㅋ,6
3528775,주권?,6
3528986,국적 이자식아,6
3529130,귀족임?,6
3529301,지면 포대장 반납해라,6
3529631,윤주궈ㅓㅓㅓㅓ언,6
3529835,진짜인가요?,1
3530132,ㄹㅇ이가?,1
3530152,진짜 일본인,6
3530201,일본 국적 보유자?,6
3530230,시대가 다르시지않나,6
3530452,국적,6
3530540,진짜 일본인이야?,6
3530563,"그 때 마크에서 윤상, 양키 이러시던분임",6
3530978,국적이겠죠..,6
3531115,전직은,6
3531131,국적?,6
3531338,걍 국적이 일본인데..,6
3531342,영주권?,6
3531413,그럼 가짜겠냐,6
3531620,와,1
3532014,권총,6
3532237,국적,6
3532355,현지인,6
3532397,국적,6
3532480,아이엠 영듀,6
3532717,비자?,6
3533090,국적,6
3533225,오차즈케,6
3533225,국적?,6
3533335,국적아니냐...,6
3533426,국적?,6
3533561,그런 RP?,6
3533604,국적,6
3533703,가짜일본인 저격인각요?,6
3533737,일본 국적,6
3533949,국적이 일본이신거아녀?,6
3534048,국적이요,6
3534153,니혼진,6
3534158,니혼진데스까,6
3534592,국적이요?,6
3534893,진석짜응,6
3534977,일본인님,6
3536183,전직은 뭐냐,6
3536409,한국 국적이셔?,6
3536592,가짜는 뭐임 그럼 ㅋㅋ,6
3536762,.,6
3536865,그냥 일본인인거잖아,6
3537402,국적이자나,6
3537431,PAKA ㄷㄷ,6
3538824,국적?,6
3538943,말차모찌츠키 카에데,6
3539647,국적이요 국적,6
3539816,국토대장정권,6
3539858,국적이 일본인임,6
3540822,윤주권 ㅋㅋ,6
3540945,그분 영주임 영주권이,6
3541241,가짜 일본인 많긴 하던데 ㅋㅋ,6
3541712,안뇽하세요,6
3541868,국적이 일본인인거잖아 ㅋㅋㅋ,6
3542288,가짜일본인은 머ㅜ야,6
3542754,포켓몬 종주국 ㄷㄷ,6
3543238,어우,4
3543505,어후,4
3543555,어후,4
3543601,울린다,6
3543710,?,6
3543772,옴닉 ㄷㄷ,6
3544175,어우,1
3544439,어우,1
3544580,소리가 여러번 들립니다,6
3544853,아뇽하세요,6
3544897,걍 일본에서 방송한다는데,6
3545106,안뇽하세요~,6
3545171,ㅏㅏ,6
3545254,하이~,6
3545348,{:d_94:}{:d_94:}{:d_94:}{:d_94:}{:d_94:},6
3545378,안녕하세요~,6
3545510,ㅎㅇ,6
3545845,아뇽하세요,6
3545873,가보자,6
3545944,오,6
3546025,하이,6
3546274,?,6
3546323,어후,6
3546455,hi,6
3546723,마이크,6
3546812,하이,6
3547202,곤니찌와,6
3547241,하이~,6
3547353,하이,6
3547435,울린다,6
3547659,?,6
3547712,HI,6
3547747,카에데상 ~,6
3547749,어우,6
3547959,울린다이,6
3548011,?,6
3548049,하이,6
3548109,Hi,6
3548273,울린다,6
3548355,아뇽하세요~~,6
3548391,어 어 어,6
3549142,하이퍼보이스,6
3549209,두번들려,6
3549282,?,6
3549520,인격분리가 되고 있으신데,6
3549546,하이퍼보이스를,6
3549621,카에데상은왜,6
3550050,ㅇㄴㅎㅅㅇ~,6
3550767,오우 하울링이,6
3551138,안뇽하세요,6
3552009,디스코도,6
3552424,하이퍼보이스,6
3552746,?,6
3553101,한국말 잘하시네,6
3553329,hi,6
3553355,하이퍼보이스가,6
3553430,왜 두번 들리죠,6
3554036,ㅎㅇ,6
3554380,오 해결,6
3555355,하이퍼보이스,6
3555683,오지터가 말하는거 같네,6
3556188,돌림너래,6
3556211,한국말 잘 하시네??,6
3556357,윤가상,6
3556402,카에데산,6
3556649,아령하세요,6
3556780,방갑습니다,6
3556855,방갑스무니다~,6
3556875,목소리가 두개지요,6
3556875,어흐,6
3556964,윤상,6
3557431,ㅋ,6
3557684,{:d_41:},6
3557815,에코보이스 뭐지요?,6
3558195,안뇽하세요~,6
3558335,귀가 너무아픕니다,6
3558828,{:d_54:}{:d_54:}{:d_54:}{:d_54:}{:d_54:}{:d_54:},6
3559377,ㅋㅌㅋㅌㅋ왤케 ㅁ귀여우시지,6
3559452,카에데상,6
3559536,자르지내셨나요,6
3559588,하이,6
3559831,하이퍼보이스,6
3560193,ㅎㅇㅎㅇ,6
3560259,말에 성조가있네 ㅋㅋ,6
3560280,윤상,6
3561280,소리 넘 커요잇,6
3561647,ㅋㅌㅋㅋㅌㅋㅋㅌㅋㅋㅌㅋㅋ,0
3561737,진지,6
3562646,진지ㅋㅋㅋ,6
3562656,윤상 ㅋㅋ,6
3562841,유하,6
3562941,진지잡셨냐,6
3562967,{:d_42:}{:d_42:}{:d_42:},6
3563000,윤 상,6
3563002,윤상,6
3563018,윤상,6
3563054,윤상,6
3563064,윤상,6
3563593,한국말 왤케 잘하셔,6
3563673,진진맨 밴 얼마임?,6
3563674,윤상~,6
3563718,?,6
3563725,윤상,6
3563778,잡쉇ㅆ냐,6
3563865,잡쉈냐,6
3563876,?,6
3563878,윤상,6
3563941,진지잡쉈냐~,6
3563992,에 코 보 이 스,6
3564377,진지잡쉈냐,6
3564505,윤상,6
3564532,방갑스무니다,6
3564626,진지잡쉈냐 ㅋㅋ,6
3564693,윤상,6
3564760,ㅋㅋㅋㅌㅋㅋ,6
3564769,하이퍼보이스 ㅋㅋㅋ,6
3564777,진지잡쉈서?,6
3565402,진지 잡쉈냐?,6
3565471,진지잡쉈냐,6
3565978,윤상 ㅋㅋㅋ,6
3565986,진지 잡쉈냐~~,6
3566106,윤상,6
3566442,일투리 지리네,6
3566554,반말이다 데스,6
3566680,진지 잡쉈냐,6
3566776,zzzzz,0
3567031,설레는 반존대,6
3567309,진지잡쉈냐,6
3567421,윤상,6
3567489,반말이다 데스 ㅋㅋ,6
3567604,윤상,6
3567659,진지잡쉇냐,6
3567702,잡쉈냐,6
3567769,육회묵음,6
3567946,너무 잘 지내서 탈이다 데스,6
3568203,운상,6
3568355,진지잡쉈냐 윤상~~,6
3568442,윤상,6
3568487,윤상,6
3568578,윤상,6
3568590,진지 잡셨냐~,6
3568611,반말이다데스,6
3568651,진지 잡쉈냐?,6
3569016,반말이다 데쓰,6
3569506,?,6
3569631,반말이다데쓰,6
3569804,윤상~,6
3570088,안뇽하세요,6
3570136,반존대,6
3570409,반말이다 데팟~,6
3570456,2개국어 섞임 ㅋㅋ,6
3570661,진지잡쉈냐,6
3570729,반존대?,6
3570813,자르지내셔나요,6
3570924,진지 잡쉈냐,6
3571135,윤상,6
3571286,모치즈키상,6
3571307,ㅋㅋㅋ,6
3571687,윤 상 어겐,6
3571737,반말이다 데스,6
3571850,진지잡쉈냐 ㅋㅋ,6
3571951,윤프로~,6
3572526,진짜 일본인임? RP임?,6
3572688,설레는 반존대ㄷㄷ,6
3572853,반말이다 데스,6
3572942,반존대ㅋㅋ,6
3573234,니혼으로 말하죠,6
3573493,슨까,6
3573578,진지 잡쉅냐,6
3573720,윤상,6
3573848,윤상,6
3574377,진지잡쉈냐~~,6
3574590,윤상,6
3574839,진지 먹음?,6
3575009,진지 좝쉈냐,6
3575212,진지 잡쉈냐,6
3575370,니~~~뽓,6
3575490,설레는 반존대...,6
3575875,진지라고 한다고 존댓말이 아니죠 예예,6
3575921,잡쉅슴까,6
3576018,이야,6
3576158,높응말이랑 반말이 섞인 ㅋㅋㅋ,6
3576458,잡쉈슴까?,6
3576770,윤가상 진지잡솼냐데스,6
3576889,반발이드 데스,6
3576912,메챠난까,6
3577022,오,6
3577224,드셨,6
3577445,조총련에서 한국말을 배우셨나,6
3577724,오,6
3577749,반말쓰지마라,6
3577860,한본어 ㅋㅋㅋ,6
3578026,개웃기네 ㅋㅋㅋ,6
3578218,메챠 난카 졸려서 ㅋㅋ,6
3578328,진지 답쉈냨ㅋㅋ,6
3578505,메챠난카 졸려,6
3578536,삼계탕 ㄷㄷ,6
3578551,사무계탕,6
3578616,메챠난카,6
3578796,와,1
3579031,사무게탕,6
3579050,설레는 반존대 ㄷㄷ,1
3579072,멧챠난카 ㅋㅋㅋ,6
3579103,북한말투인줄,6
3579181,삼계탕,6
3579528,진지 잡쉇어~~  습박ㅋㅋㅋ,6
3579616,삼계탕을,6
3579643,메챠난카 졸려서 ㅋㅋ,6
3579658,메차쿠차,6
3579816,메챠 난카,6
3579895,진지잡쉈냐 ㅋㅋㅋ,6
3579951,수리남이야,6
3580122,맛난 거 드셨네,6
3580130,오,6
3580258,메챠 난카,6
3580431,ㄱㄴㄴ,6
3580536,윤xx상,6
3580623,사무계탕,6
3580768,ㄷㄷ,1
3580784,오,1
3580837,진석이 일본어 가능하잖아,6
3580851,와,1
3580880,배달?,6
3580983,한본어 ㅋㅋ,6
3581046,사므계탕,6
3581093,오,1
3581200,왜 북한 사투리가 된거 같냐 ㅋㅋㅋ,6
3581232,삼계탕? 워,6
3581560,메챠 난까,6
3581608,삼계탕 좋지,6
3581732,아노,6
3581810,사므계탕,6
3581927,윤상,6
3581982,오,1
3582051,사므게탕,6
3582069,일본일텐데,6
3582079,삼계탕 완전 한국인같다,6
3582081,드셨...,6
3582161,한본어,6
3582172,사무계탕,6
3582217,오호이야,
3582333,사무계무탕,6
3582511,일본인이 진지를 어떻게알아,6
3582586,삼계탕 좋네..,6
3582802,ㅇㅎ,6
3583313,팩인가,6
3583393,수파에,6
3583403,삼계탕 좋지,6
3583492,슈우파,6
3583754,북한사람이셔?,6
3583779,삼계타,6
3583805,{:d_94:}{:d_94:}{:d_94:}{:d_94:}{:d_94:},6
3583823,아하,6
3584010,수-빠에,6
3584023,본토 니혼진말투,6
3584155,제대로네,6
3584311,좋지,6
3584440,패크,6
3584491,북한아니야?,6
3584557,쓰바,6
3584615,아노...,6
3584661,ㄹㅇ이가,6
3584716,스파,6
3584722,사무계탕,6
3584806,사무계따,6
3584910,아,6
3585111,사무게탕,6
3585336,삼곜탕팩,6
3585383,아 레토르토,6
3585400,사무게탕,6
3585547,아노 ..,6
3585571,한본어 레전드ㅋㅋ,6
3585582,와,6
3585692,밀키트,6
3585779,수파에,6
3585847,팩,6
3586090,삼계탕 마싱ㅆ겠다,6
3586147,수ㅡ파,6
3586326,슈파에,6
3586328,키트,6
3586481,사무게당,6
3586625,사무계탕,6
3586714,zzzzzzzzzzz,0
3586849,삼계탕 팩,6
3587017,슈퍼?,6
3587029,ㄱㅇㅇ,6
3587175,아아,6
3587259,?,6
3587467,슈퍼에 삼계탕팩을판다고,6
3587647,분명한 한국언데 한국어가 아닌 것 같애,6
3588001,슈퍼에?,6
3588052,한국인이지,6
3588110,너 일본이 ㄴ아니지,6
3588158,한본어 보소,6
3588256,비비고 삼계탕,6
3588271,사므게탕,6
3588415,ㄹㅇ,6
3588630,뭣,6
3588857,감사합니다~,6
3589264,너무 작아,6
3589306,일본인 rp같은데,6
3589472,밀키트,6
3589506,작중팩트임?,6
3590183,일본 삼계탕 팜,6
3590509,?,6
3590789,딱걸렸어,6
3590806,팔더라...,6
3590873,{:d_116:}{:d_116:}{:d_116:},6
3591035,습하가 뭐임,6
3591665,너 한국인이제 ㅋㅋ,6
3591741,?,6
3591951,?,6
3592748,ㅋㅋㅋ,0
3592953,짱구임?,6
3593508,너 한국인이지,6
3593766,{:d_116:}{:d_116:},6
3593809,사무계땅,6
3593962,한본어 ㅈㄴ 웃기네,6
3593968,가무사함니다,6
3594104,잘 넘기네,6
3594720,너무 작은데,6
3594809,노련한데,6
3594821,진석이형은 육회만 먹는데,6
3594873,RP 지켜주세요,6
3595380,간편한 거 좋아,6
3595709,어,6
3595755,카에데님은 왜 성으로 안부르냐,6
3595945,감사합니다~~,6
3595987,{:d_106:}{:d_106:}{:d_106:},6
3596170,한국인이네,6
3596258,팔더라...,6
3596798,너무 작아졌어,6
3597230,너 딱걸렸어,6
3597283,자주들어요(진짜임),6
3597411,태극권 십고수네,6
3597745,ㄹㅇㅋㅋ,6
3597888,일본인 호소인,6
3598075,잘치는데,6
3598309,보법이 달라,6
3598463,잘 넘기는데 ㅋㅋ,6
3598498,스~파~,6
3598526,ㄹㅇㅋㅋ,6
3598697,너 한국인이지,6
3598770,개처웃기네,0
3598985,ㄹㅇ ㅋㅋ,0
3599109,잘넘기네,6
3599253,한국인이네,6
3599705,한구구인이네,6
3599893,한본인 ㄷㄷ,6
3599980,RP 지켜주세요 가놈님,6
3600093,야로!!!!!!,6
3600362,광고!,6
3601096,방금은 진나 한국인인데?,6
3601713,일본에 삼계탕 사발면도 팔아,6
3601937,나 한국인이지?,6
3602004,그런rp?,6
3602150,일본인 rpㅋㅋㅋ,6
3602774,감수합니다,6
3603307,요새 일본 편의점에 삼계탕을 파는구나...,6
3603590,흠..,6
3603900,그런 rp?,6
3604181,너무작아졌다,6
3605031,너무 작아졌음,6
3605149,너무 작아용,6
3605390,한국에도 일본라면 팔잖냐,6
3605601,소리 너무 작아ㅠㅜ,6
3605625,아리가땡쓰 ㅇㅈㄹ,6
3606023,말투 개웃기네,6
3606153,어글리 코리안?,6
3606395,소리 너무 작아졌는데 조금 키워주세요,6
3606460,목소리가 안들려,6
3606484,아리가상큐,6
3606515,아리가떙스,6
3606614,소리가 좀 작은데,6
3607115,아리가떙스,6
3607331,아리가땡스,6
3607382,일본 애니에도 나오는데 뭐,6
3607434,아리가땡스,6
3607480,한본인이자나 ㅋㅋㅋ,6
3607548,디코 너무 작다,6
3608215,너무 작다,6
3608215,아리가 감사하셔?,6
3608302,잡탕이네,6
3608357,한본어 ㅋㅋㅋ,6
3608997,봉누도2,6
3609048,아 그런RP,6
3609175,아리ㅏㄱ 땡스 ㅋㅋ,6
3609346,아리가땡쓰~,6
3609733,아리가땡스 ㅋㅋ,6
3609772,아리가땡스 ㅋㅋ,6
3610498,한본어ㅋㅋ,6
3610899,아리가땡스,6
3611549,rp지켜주자고~,6
3611612,개 웃기네,6
3611819,rpㅋㅋ,6
3612027,목소리 조금만 더 키워줘 형 좀 작아졌어,6
3612093,소리 작아졋으,6
3612507,헬로봉쥬르니하오안녕!,6
3612675,아리가떙스...?,6
3612954,아리가땡스~,6
3613187,아가리또데스,6
3613841,아리가땡스!,6
3614215,소리 너무 작아요,6
3614337,전부 뒤섞여부렷노  ㅋㅋㅋ,6
3614499,소리키워줭,6
3614515,겟또,6
3614623,RP 특이하시네,6
3615403,그건 rp셔?,6
3615553,아리가땡스는 ㅋㅋㅋ,6
3615720,아리가땡스는 머고,6
3616585,아리에 나이~~,6
3616756,말투가구수하다,6
3617182,아리가땡스~,6
3617194,소리좀 키워다오 너무 줄였다..,6
3617563,해적판,6
3617887,RP인듯,6
3617950,너 일본인 아니지,6
3618095,약간 북한이랑 일본이랑 석엿어,6
3619763,아 그런 설정,6
3620109,소리가 너무 작아요,6
3620128,소리 좀만 키워죠용,6
3620290,{:yunzinChr:}{:yunzinChr:}{:yunzinChr:}{:yunzinChr:},6
3620441,한봌우 개잘하네,6
3620606,목소리가 작아요,6
3621067,와 아리가땡스 첨 들어봄 ㅋㅋ,6
3621359,이거이거 주인장이 이러시면 rp를,6
3621493,본누도2 rp 벌써하고있네,6
3621540,이루년,6
3621543,바r름이,6
3622535,조금만 올려줄 내 친구 구함,6
3622853,디코소리좀 키우자,6
3622951,소리가 너무 작아요,6
3623045,ㄷㄷㄷㄷ,1
3623905,소리넘자가여,6
3624035,소리 좀만 키워주세요,6
3624675,소리가 좀 작아요,6
3624681,소리가 작아요잉,6
3624775,오,1
3624869,소리 쪼꼼만 더 올려주세요,6
3625300,이르년이상,6
3625792,하긴,6
3625796,말을 많이 해야하다보니,6
3626932,소리밸런스 안맞음,6
3627593,소리가 너무 작아요,6
3627614,맞긴 해,6
3627621,ㄷㄷㄷㄷ,1
3627838,그렇긴 해,6
3627877,저는 이미 잘해요,6
3628105,늘읍니다,6
3628356,그렇긴 하네,6
3628566,소리 작음,6
3628882,와,1
3628894,느름니다,6
3629169,소리 좀만 키워줘,6
3629314,대단합니다,6
3629771,사무시푸시간,6
3630169,발음은 안 느나요,6
3630331,오,1
3630593,와ㅏ,1
3632187,좀키워줘,6
3632632,하면 해야지,6
3633374,한국어(인방),6
3633444,하면 할수 있지이 ㅇ,6
3633481,구수한데,6
3633989,디코 소리좀,6
3634706,수,6
3634747,원,6
3634985,반응 ㅋㅋ,6
3635335,원 벌어서,6
3635505,원,6
3635809,굳,6
3635817,굳,6
3636225,원벌어서,6
3636450,살,6
3636599,쌀먹 ㄷㄷ,6
3636732,쌀먹,6
3636856,살,6
3636943,살,6
3637117,쌀쌀쌀,6
3637195,쌀먹 ㅋㅋ,6
3637316,굿,6
3637374,쌀먹잇?,6
3637410,won ㅋㅋㅋ,6
3637775,쌀먹 ㄷㄷ,6
3637839,쌀밥,6
3637858,쌀먹,6
3638222,굿굿,6
3638546,쌀사먹어,6
3638781,소리우열모르네요,6
3638824,쌀을 사먹어야지,6
3639053,진석군 카에네상 소리가 작아요,6
3639114,목소리 작아요,6
3639188,살 사먹어 ㅋㅋㅋ,6
3639204,사르,6
3639219,원화유출,6
3639323,외화 유출범,6
3639365,쌀먹,6
3639827,쌀ㅋㅋ,6
3639926,열심히 사시는구나,6
3639954,쌀먹을ㅋㅋㅋ,6
3640028,쌀먹,6
3640134,외화유출이네,6
3640272,잡았당,6
3640385,난 소리괜찮은데,6
3640432,ㅋ,6
3640561,원벌어서 쌀사,6
3640634,살먹,6
3640832,쌀숭이가,6
3641031,외회유출범,6
3641114,뉴스로 한국어 배웠다던데,6
3641196,쌀먹,6
3641206,쌀쌀쌀 ㅋㅋ,6
3641276,외노자,6
3641903,쌀먹을,6
3642291,쌀먹 ㄷㄷ,1
3642683,{:d_116:}{:d_116:}{:d_116:}{:d_116:},6
3642936,쌀먹 ㄷㄷ,1
3643193,쌀먹 ㅋㅋ,6
3643466,외화유출범ㄷㄷㄷㄷㄷ,6
3643487,ㄹㅇㅋㅋ,6
3643958,{:d_126:}{:d_62:}{:d_126:}{:d_62:}{:d_62:},6
3643997,살 사먹는대,6
3644132,내가왜,6
3644589,살먹ㅋㅋ,6
3644646,{:lck_28:}{:lck_28:}{:lck_28:}{:lck_28:}{:lck_28:},6
3644661,외화 유출범,6
3644876,외화유출 ㄷㄷ,6
3644947,찾았다,6
3645129,치즈압수,6
3645201,우 우 우 살 살 살,6
3645244,억,6
3646036,외화유출 습박 ㅋㅋ,6
3646239,내 돈이!!!!!!!!,6
3646405,{:d_87:}{:d_87:}{:d_87:}{:d_87:},6
3647211,ㅇㅋ,6
3647354,몇배로 벌고있었네 이거,6
3647415,원화 유출 ㄷㄷ,6
3647455,엔저라서 쌀먹을,6
3647478,{:d_138:}{:d_138:}{:d_138:}{:d_138:},6
3647574,환화유출 ㄷㄷㄷㄷ,1
3647680,ㄷㄷㄷㄷㄷㄷ,1
3647867,쌀먹을,6
3647918,이 외노자,6
3648082,쌀먹하셔야지...,6
3648146,학,6
3648541,네이노오오오오옴,6
3648550,잡았다,6
3648916,엔저야...,6
3649039,일본 쌀숭이 ㄷㄷ;,6
3649116,대일송금ㄷㄷ,6
3649428,치즈쌀먹,6
3649622,ㄹㅇㅋㅋ,6
3649845,ㄷㄷㄷㄷ,1
3650096,엔화 오른이유가..,6
3650136,쌀먹 지리네,6
3650161,외화유출,6
3650305,외노자 ㅋㅎㅋㅎㅋㅎ,6
3650476,ㅋㅋ,6
3650525,엔 싸긴해,6
3650849,엔 파격할인중,6
3651348,어그러내ㅔ,6
3651382,쌀먹충 ㄷㄷ,6
3651447,영웅호걸들아,6
3651656,{:lck_28:}{:lck_28:}{:lck_28:}{:lck_28:}{:lck_28:}{:lck_28:},6
3651797,gjr,6
3651852,엔저긴해,6
3651910,경제 챙겨라 ㅋㅋ,6
3651910,산미증식계획 ㄷㄷ,6
3651964,쌀먹,6
3652156,쌀쌀쌀,6
3652530,엔화 나락가긴했어,6
3652637,엔저 미쳤어...,6
3652753,원화유출,6
3652771,내쌀이!!!,6
3653091,엔화 나락가긴 했지,6
3653186,엔 ㅈ됐어,1
3653232,엔저야 ㅋㅋ,6
3653688,엔화 싸긴하지,6
3653815,rp같은데...,6
3653904,엔저가,6
3653959,엔ㅋㅋㅋ,6
3654148,저는안전합니다,6
3654279,환전 괴물이...,6
3654412,엔 저,6
3654573,일본 쌀먹,6
3654776,엔화도….,6
3654966,저분 세금 2배로 내던데,6
3655078,일본 쌀숭이,6
3655293,찾았다,6
3655384,외화유출범이 여깄었구나,6
3655534,여기였꾸나!,6
3655729,지금 엔화 800원대긴 해,6
3655889,역대급 엔저컵 ㅋㅋ,6
3655940,앞자리 8 됐던데,6
3656108,외화유출좌,6
3656183,일본 힘들긴해 ㅋㅋ,6
3656194,오늘 올랐어요,6
3656454,잔혹한 수탈ㅠㅠㅠㅠ,3
3656690,치즈조아,6
3656702,마시써요,6
3656794,찾았따,6
3656867,이중세금 내신데요,6
3656876,원도 싸졌어요,6
3657134,야르,6
3657289,엔화 겁나 싸지긴 했던데ㅐ,6
3657353,엔저라 맛이긴 할듯 ㅋㅋ,6
3657396,N?,6
3657622,맛있긴해,6
3657682,맛있긴해,6
3657774,엔화 개떡락하긴 함,6
3657840,어쩐지,6
3658294,맛있긴해,6
3658521,엔저,6
3658652,엔화 나락이긴해,6
3658679,우마이ㅣㅣㅣㅣㅣㅣㅣㅣㅣ,6
3658796,{:lck_16:}{:lck_16:}{:lck_16:}{:lck_16:},6
3658874,우마이 ~,6
3658919,우마잇,6
3659030,마싯서요,6
3659178,우마이~~,6
3659326,엔화 파격할인,6
3659393,우마이~,6
3659529,{:lck_28:}{:lck_28:}{:lck_28:}{:lck_28:},6
3659768,우마이,6
3660765,엔화 지금 나락가서..,6
3661179,이중세금 개에바셔,6
3661499,엔저라 버는 돈 늘었겠네ㄷㄷ,6
3661508,마싰서요~,6
3661726,엔화가 싸니까 원화를 훔쳐가는구나,6
3662005,우마이는 ㅇㅈ이지,6
3662170,{:d_98:}{:d_98:}{:d_98:},6
3662325,쌀숭이 찾았다,6
3662784,우마ㄴ,6
3662869,오늘 올랐어 이사람아,6
3663246,대일송금,6
3664730,한국 돈이 일본에 샌다 ㅋㅋㅋ,6
3664907,으마이,6
3665327,엔화쌀먹 ㄷㄷ,1
3665381,쌀쌀쌀,6
3665831,N? 너 5기견이구나,6
3666727,환율 때문에 외화유출범이 이득이란거임 ㅋㅋ,6
3666887,{:d_3:}{:d_3:}{:d_3:}{:d_3:}{:d_3:},6
3667044,옹,6
3667201,오랫동안?,6
3667229,오,6
3667321,아노,6
3667920,오오,6
3668720,아노,6
3669946,오이,6
3670142,오랫동안 준비?,6
3670144,아노,6
3670260,아노..,6
3670714,기대되는군요,6
3670934,아노,6
3671279,오,6
3671701,와,6
3671828,아노,6
3672191,아노,6
3672493,{:d_3:}{:d_3:}{:d_3:}{:d_3:},6
3672857,오,6
3673004,이야,6
3673325,오,1
3673553,오,1
3674909,아노,6
3675546,아노..,6
3675607,아노,6
3675668,와,6
3676435,아노,6
3676559,오,6
3676805,감사합니다,6
3676952,아노…,6
3677225,오,6
3677443,오,6
3677586,아노..,6
3677724,아노,6
3677902,아노,6
3677928,아노..,6
3678248,오,6
3678320,아노 ㅋㅋㅋ,6
3678656,ㅇㄴ,6
3678732,아노제가,6
3679898,오,6
3679941,아녀,6
3680254,ㄱㅇㅇ,6
3680484,오,6
3680648,아노..,6
3680837,오,6
3681011,아노..,6
3681061,아노,6
3681345,아노,6
3681450,윤가상,6
3682230,윤가상,6
3682235,ㅇㄴ~,6
3682254,윤가상,6
3682286,융가상,6
3682355,아노,6
3682369,윤가상,6
3682456,오..,6
3682530,{:d_94:}{:d_94:}{:d_94:},6
3682754,윤가상,6
3683081,윤가상 ㅋㅋ,6
3683148,윤가상,6
3683180,윤가상,6
3683444,윤가상,6
3683679,윤가상,6
3683821,윤가상,6
3684189,윤가상 ㅋㅋㅋ,6
3684203,유과상,6
3684203,재밋긴행,6
3684285,응가 상?,6
3684305,윤가상,6
3684694,윤가상,6
3684776,윤가상,6
3684836,윤가상 뭔가 웃기네,6
3684866,{:yunzinHuc:}{:yunzinHuc:}{:yunzinHuc:}{:yunzinHuc:}{:yunzinHuc:},6
3684891,윤가상,6
3685066,윤가상,6
3685155,윤가상,6
3685333,윤가상,6
3685338,윤가상~,6
3685440,ㅈㅇㅇ,6
3685592,윤가상,6
3685608,윤가상,6
3685779,윤가상,6
3685809,윤가군,6
3685814,윤가상,6
3685972,조아요,6
3686499,윤가상 ㅋㅋ,6
3686592,좋아요!!,6
3686665,{:d_108:}{:d_108:}{:d_108:}{:d_108:}{:d_108:}{:d_108:},6
3686857,윤가상,6
3686887,윤가상..,6
3687268,조아요!!,6
3687405,윤가상 ㅋㅋ,6
3687450,좋아요!,6
3687705,윤가상,6
3687864,윤가상,6
3687986,윤가상 ㅋㅋ,6
3688145,윤가상 ㅋㅋ,6
3688204,윤가상ㅋㅋ,6
3688327,조아요!,6
3688362,윤가상 ㅋㅋ,6
3688519,쪼아오,6
3688790,융가상,6
3688826,됴아요,6
3688912,융가상,6
3689706,조아요!,6
3689717,윤가상,6
3689725,윤가상,6
3689855,윤가상,6
3690126,윤가,6
3690131,윤가상,6
3690188,윤가상 ㅋㅋ,6
3690205,조아요!!,6
3690283,윤가상,6
3690338,{:d_54:}{:d_54:},6
3690531,윤가상,6
3690906,윤가상 ~,6
3691062,조아요!,6
3691119,윤가상 빨대,6
3691219,윤가상,6
3691374,JOAYO~~,6
3691759,윤가상,6
3692060,싱가 윤가,6
3692269,윤가상,6
3692296,윤가상,6
3692359,윤가상,6
3692498,윤가상~,6
3692506,응가상,6
3692566,윤상도아니고 윤가상 ㅋㅋ,6
3692578,윤가상,6
3692747,윤가상ㅋㅋㅋ,6
3692804,드릴,6
3692830,조아요~,6
3692908,윤가 상,6
3693037,난데스카,6
3693570,윤가상,6
3693668,윤가상,6
3695039,드리르케요,6
3695253,드리루,6
3695305,에또,6
3695421,드리를,6
3695584,윤가상 ㅎㅎㅎ,6
3695645,윤가상,6
3695740,드리리케요,6
3695814,드리르,6
3695934,드릴ㅡ,6
3696042,드리루~케요,6
3696192,윤가상,6
3696951,드리르게요,6
3697150,안녕하세요,6
3697256,드리르,6
3697389,윤가야,6
3697499,내친구 융가상,6
3698074,드리르꼐요,6
3698305,드릴르,6
3698686,드리르,6
3698829,오,6
3699127,윤기강,6
3699187,윤가상~,6
3699260,드리르 ㅋㅋㅌㅋㅌㅋㅋㅌㅋㅋ,0
3699647,어흐,6
3699834,일본분이신데 이해가 되게 잘된다,6
3700139,오,6
3700600,응가상~,6
3700991,어흐어흐,6
3701808,오우,6
3702210,우와,6
3702361,윤가상,6
3702411,어흐,6
3703100,카에데상 목소리가 좀 작다 데스,6
3703146,말아주는 ㅋㅋㅋ,6
3703235,퀴즈?,6
3703246,{:d_54:}{:d_54:}{:d_54:},6
3703326,윤가상,6
3703426,오,6
3703434,오,6
3703444,ㄱㅇㅇ,6
3703741,아흐,6
3703881,고우기네,6
3704037,융가상,6
3704101,퀴?즈쇼,6
3704185,어떤게 나올까,6
3704317,윤x상,6
3704348,오,6
3704385,어흐,6
3704405,{:d_73:},6
3704488,오,6
3704579,{:d_108:}{:d_108:},6
3704762,윤가상,6
3704914,응가상,6
3705205,ㄱㄱ,6
3705313,어흐..,6
3705582,좋다,6
3706053,퀴즈?쇼,6
3706429,대단합니다,6
3706795,우와,6
3706966,{:d_94:}{:d_94:}{:d_94:}{:d_94:},6
3707053,윤가상,6
3707263,오,6
3707634,응가상이네,6
3707775,{:d_16:}{:d_16:}{:d_16:}{:d_16:},6
3708027,본토산,6
3708187,퀴즈?쇼,6
3708316,퀴즈?셔,6
3708667,퀴즈?쇼,6
3708839,와ㅏㅏㅏㅏㅏㅏㅏ,6
3708876,ㄷㄱㅈ,6
3709081,어흐...,6
3709097,오,6
3709150,어흐,6
3709280,2분이서만 하시는건가요?,6
3709409,두개재,6
3709499,오오ㅗㅗㅗ,6
3709514,하이하이,6
3709522,하이하이,6
3709536,보노보노 ㅇㄷ?,6
3709884,버츄얼이쁜데,6
3709890,하이하이,6
3709949,{:d_54:}{:d_54:},6
3710006,이거 유튜브 올라옴?,6
3710018,하이하이,6
3710045,어흐,6
3710142,퀴즈?쇼,6
3710160,퀴즈?쇼,6
3710319,대단합니다 동의합니다,6
3710453,하이하이,6
3710549,어흐,6
3710599,ㅎㅇㅎㅇ,6
3710621,유튜브 말투 우왕,6
3710658,윗 윤가놈,6
3710903,현지인 ㄷ,6
3710951,ㅎㅇㅎㅇ,6
3711306,ㅎㅇㅎㅇ,6
3711363,ㅋ,6
3711551,폰트보소,6
3711660,퀴즈?ty,6
3711762,곤방와,6
3711788,하이하이입니다,6
3711951,wwwwww,6
3712062,high high,6
3712162,하이하이,6
3712276,야~호~,6
3712515,오 단독게스트,6
3712516,{:d_54:}{:d_54:}{:d_54:}{:d_54:},6
3712850,본토산 퀴즈?쇼,6
3712852,넵,6
3712870,어흐,6
3713002,{:yunzinSee:}{:yunzinSee:}{:yunzinSee:},6
3713293,with 윤가놈,6
3713341,ㅔㅔ,6
3713355,원산지에서 제공하는,6
3713596,ㅔ,6
3713675,ㅋㅑ,6
3713729,어흐,6
3713800,네,6
3713844,ㅔㅔ,6
3713971,ㅔㅔ,6
3714172,하이하잇,6
3714203,넹,6
3714234,어흐,6
3714260,퀴즈?쇼,6
3714300,ㅔㅔ,6
3714439,어흐,6
3714439,ㅖ,6
3714581,넹,6
3714733,ㅔ,6
3714810,네네네,6
3715013,퀴즈?쇼,6
3715421,ㅇㅇㅇㅇㅇㅇ,6
3715618,hi,6
3715706,에,6
3715758,네ㅔ,6
3715861,네,6
3715896,네,6
3715919,네,6
3716321,넹,6
3716650,네,6
3716668,안녕하세요~~,6
3716708,하잇,6
3716835,피피티가 굉장히 올드하네,6
3716839,너무 잘보인다야,6
3717146,ㅎㅇㅎㅇ,6
3717420,카에데양,6
3717658,ㅖㅖㅖ,6
3717781,네,6
3717975,우효,6
3718118,하이,6
3718198,ㅔㅔ,6
3718253,난 진석이만 보인다,6
3718263,와ㅏㅏㅏㅏㅏㅏㅏㅏㅏ,6
3718555,위드 윤가상,6
3718616,high~~~,6
3718768,어흐,6
3718882,어흐....,6
3719110,오,6
3719124,오,6
3719172,우왕 나 유튜브 좋아행,6
3719446,제카 준비,6
3719771,수제?,6
3719818,수제버거,6
3720750,와,6
3720782,로,6
3720852,퀴즈?쇼,6
3720963,오,6
3721176,수제네,6
3721351,와 후지산보소,6
3721380,그래보여요,6
3721743,일본 수제 퀴즈,6
3721751,직작을 ㅋㅋ,6
3721820,방갑슴니다~,6
3721838,오,6
3721892,수제요리,6
3722100,오,6
3722348,ㅇㅇ,6
3722638,스제,6
3722720,핸드메이드,6
3722780,어쩐지 폰트가,6
3722830,수제여,6
3723037,수제,6
3723192,동향사람?,6
3723198,나요,6
3723456,수제버거,6
3723473,오~,6
3723490,유기농이네,6
3723658,그래보여요,6
3723747,파워포인트,6
3723901,수제버거,6
3723960,유기농 ㄷ,6
3723965,유기농 ㄷㄷㄷ,6
3724098,윤가놈ww,6
3724328,왕,6
3724387,유기농 pptㄷㄷ,6
3724632,오,6
3724725,제카~,6
3724970,테즈쿠리,6
3725221,와,6
3725251,🇰🇷🇯🇵,6
3725580,제카 ㄷㄷ,6
3726082,좋아요,6
3726372,ㅋㅋㅋ,6
3726580,이야 한글도 잘 쓴다,6
3726747,빵ㅋㅋ,6
3726922,퀴즈?쇼,6
3727162,그래보여요,6
3727312,ㄹㅇㅋㅋ,6
3727564,너무 티나긴 해요 ㅋㅋㅋ,6
3727907,테즈쿠리,6
3728043,ㄹㅇ,6
3728771,ㄹㅇㅋㅋ,6
3729395,나 수재 됴아행,6
3729661,ㄹㅇㅋㅋ,6
3729780,맞지,6
3730142,박 수 제,6
3730182,테즈쿠리,6
3730280,맞긴해요,6
3730307,엣,6
3730550,절대 안써,6
3730701,ㄹㅇㅋㅋ,6
3731096,그러녀,6
3731328,ㄹㅇㅋㅋ,6
3731507,보노보노,6
3731531,고딕체,6
3731660,ㄹㅇㅋㅋ,6
3731717,어우...,6
3731750,일본은 역시 장인정신,6
3731955,ㄹㅇ,6
3732046,ㄹㅇ,6
3732129,ㄹㅇ,6
3732140,에?,6
3732321,에?,6
3732402,ㄹㅇㅋㅋ,6
3732633,ㄹㅇ,6
3732647,ㄹㅇㅋㅋ,6
3732695,ㄹㅇ,6
3732772,ㄹㅇㅋㅋ,6
3732999,폰트가 ㅋㅋㅋ,6
3732999,ㄹㅇㅋㅋ,6
3733034,이건 고딩도 안써,6
3733060,에?,6
3733254,ㄹㅇㅋㅋ,6
3733255,맞지,6
3733455,ㄹㅇㅋㅋ,6
3733537,ㄹㅇ?,6
3733733,ㄹㅇ,6
3733880,ㅇㅈ,6
3734052,ㄹㅇㅋㅋ,6
3734308,둘이서 하는거?,6
3734399,맑은고딕,6
3734502,그르냐?,6
3734546,보노보노 어디갔노 ㅋㅋ,6
3734646,이거 쓰면 빠꾸당함,6
3734729,ㄹㅇ,6
3735081,쿠비데스,6
3735130,이거 쓰면 아무래도..,6
3735244,동의합니다,6
3735309,ㄹㅇ,6
3735415,ㅋㅋㅋ,6
3735481,ㅋㄱㄱㄱㅋㄱㅋ,6
3735579,ㄹㅇㅋㅋ,6
3735757,보노보노행,6
3735808,보노보노 ㅇㄷ?,6
3735903,ㄹㅇ\,6
3736026,보노보노,6
3736396,고딕 써라,6
3736413,ㄹㅇㅋㅋ,6
3736438,ㄹㅇㅋㅋ,6
3736459,에?,6
3736467,프리텐다드 써야지,6
3736480,ㄹㅇ ㅋㅋㅋ,6
3736863,ㄹㅇㅋㅋ,6
3736947,삼성맨 ㄷㄷ,1
3737099,ㄹㅇㅋㅋ,6
3737246,ㄹㅇㅋㅋ,6
3737298,ㄹㅇㅋㅋ,6
3737390,맞지,6
3737577,ㄹㅇㅋㅋ,6
3737633,보노보노써야지,6
3737667,ㄹㅇ,6
3737804,가놈아 여기선 가오 상해도 된다.,6
3738260,ㄹㅇㅋㅋ,6
3738410,농담같지,6
3738546,휴먼 고딕체 ㅋㅋㅋ,6
3738555,해고당함 ㄹㅇ,6
3738587,삼성맨의 조언 ㄷㄷ,6
3738652,ㄹㅇㅋㅋ,6
3739089,미맞긴해,6
3739262,폰트가,6
3739282,맑고 ㅋㅋㅋ,6
3739968,보노보노 어디감,6
3740092,동의하빈다,6
3740162,고딕체,6
3740393,보노보노 어디?,6
3740708,보노보노행,6
3740911,보노보노 가야지,6
3741016,구려요,6
3741044,안쓰긴함,6
3741046,hy,6
3741391,순수 비난 ㄷㄷ,6
3741416,굴림 안쓴게 어디야,6
3741463,동의합니다,6
3742095,고딕 써야지,6
3742336,보노보노 ㅇㄷ?,6
3742402,역시 삼성맨,6
3742636,보노보노 어디감,6
3742703,안이뻐,6
3742794,보노보노,6
3742876,맑은고딕,6
3743018,역시 전직 삼성,6
3743025,ㅇㅇ,6
3743370,예뻐?,6
3743370,보노보어디?,6
3743937,아무래도..,6
3744207,보노보노 어딨어,6
3744458,ㅈ같은 보노보노,6
3744503,고딕체 국룰이지 ㅋㅋㅋ,6
3744844,보노보노,6
3745354,ㅋㅋㅋ,0
3745642,ㄹㅇ,6
3746002,뭐같은 보노보노,6
3746483,ㄹㅇㅋㅋ,6
3746521,쓴다 이놈아ㅠ,6
3746546,ㄹㅇㅋㅋ,6
3747014,ㅇㅇㅋㅋ,6
3747028,무지개배경 어딨어,6
3747280,무지개,6
3748004,보노보노 넣어댜 되는데,6
3748260,え,6
3748309,맑은고딕 가져와,6
3748512,보노보노,6
3748838,그러네 보노보노 그거네,6
3748852,보노보노 PPT,6
3748855,보노보노ㅋㅋ,6
3749219,{:d_44:},6
3749990,ㅇㅊ감섬,6
3750138,"휴먼고딕, hy헤드라인",6
3750293,보노보노 ㅋㅋ,6
3750995,보노보노 어디감,6
3751182,화이또,6
3751431,무지개도 넣어주고,6
3752289,ㅂㄴㅂㄴ,6
3752496,보노보노 rgb 깔아야지,6
3752847,화이토,6
3753226,수제 ppt,6
3753897,전삼성맨의 조원ㄷㄷ,6
3753921,+무지개배경,6
3753964,그건 진짜 나가야지,6
3754052,화이또,6
3754814,러브러브볼,6
3755296,보노보노 ㄷㄷ,6
3755411,와,1
3755500,보?노보?노,6
3755983,오,1
3756648,오,1
3756654,가내수고업,6
3756701,오,1
3756740,몬스타보루,6
3757205,와,1
3757704,그럼 진짜 짤려..,6
3757733,흠ㅋㅋ,6
3758163,모찌롱,6
3758208,안이 하트네?,6
3758400,모찌롱,6
3758411,모찌롱,6
3758548,모치론,6
3758562,오,1
3758641,오,1
3758904,오,1
3758932,모치롱 ㅋㅋ,6
3759011,오,1
3759241,모찌론,6
3759351,모찌룽,6
3759585,오,1
3759650,모찌롱,6
3759802,하트는 머야,6
3760000,모지롱,6
3760150,러브러브볼을,6
3760181,무지개 보노보노 해야하는데 ㅋㅋ,6
3760340,모찌론 모찌론,6
3760442,모찌롱,6
3760732,오,1
3761124,하이,6
3761199,김 경 래,6
3761234,챗지피티 아니야?,6
3761348,모찌롱,6
3761383,모찌롱,6
3761415,모찌롱모찌롱,6
3761505,모찌롱,6
3761553,오우,1
3761590,모찌롱?,6
3761643,모찌롱,6
3761698,모지롱모찌롱,6
3761869,수제티 많이나네 ㅋㅋㅋ,6
3762128,보노스럽네,6
3762188,{:mlb_76:}{:mlb_76:}{:mlb_76:},6
3762666,모찌롱 ㅋㅋㅋ,6
3762965,프리미어볼인줄,6
3763128,ㄹㅇ이가,1
3763388,프리미어볼을,6
3763600,쿄오~,6
3763635,모찌롱,6
3763775,규토리 장인이네,6
3763799,이쁘네,6
3763824,재능충 뭐야~,6
3764009,말투 ㅈㄴ웃기네,0
3764241,보노보놐ㅋㅋㅋㅁㅋ,0
3764881,쿄,6
3764938,윤가상~,6
3765011,아유 모찌롱,6
3765045,윤가상,6
3765809,시간낭비고,6
3765834,모찌롱,6
3766160,모찌롱,6
3766543,쿄오,6
3766724,윤가상,6
3766828,윤가상,6
3766945,혼또니가 ㄷ,6
3767017,융가상,6
3767262,쿄오~,6
3767869,ㅋㅋㅋ,6
3767872,모찌,6
3768151,?,6
3768242,한본어 ㅈㄴ 웃기넼,6
3768590,어디에?,6
3768600,동네에 소문이나?,6
3769799,동네방네,6
3770182,동네사람들~~~~~~~~,6
3770686,어디 동네?,6
3771392,ㄷㄷ,1
3771456,들릴듯 말듯 다 들리네,7
3771773,ㄹㅇ?,1
3771820,와,1
3772121,내친구,6
3772489,일본,6
3772744,포대장,6
3772899,어디 동네?,6
3773447,응가상~~~,6
3774208,동네 유명한 윤가놈,6
3774927,윤가상,6
3775363,동네방네,6
3775448,내친구의 친구들,6
3775495,혼또니가 …,6
3775527,와~,1
3775537,일본동네에?,6
3775539,스토리머 상,6
3775609,이 사람은 말투가 북한사람이 일본어 배운거같네,6
3775688,모라는교,6
3775711,역시,6
3775902,하브방,6
3776457,아 여기동네,6
3776986,융가상,6
3776991,월클놈,6
3777093,포대장 ㄷㄷ,1
3777237,포대장,6
3777300,메챠쿠챠,6
3777305,메챠쿠챠,6
3777363,메챠쿠챠,6
3777469,메챠쿠챠,6
3777514,메챠쿠챠,6
3777622,포르세우스 ㅁㅊ,6
3777889,메챠쿠챠,6
3777991,메차쿠쟈,6
3778073,메챠쿠챠,6
3778077,해외 진출,6
3778080,메챠쿠챠,6
3778083,하파파,6
3778207,멧챠쿠챠,6
3778228,포대장,6
3778247,윤가상,6
3778250,슈퍼스타 윤가놈,6
3778329,아니 사투리 냄새가 나는데,6
3778608,윤가상,6
3778664,역시 포대장,6
3778693,포 대 장,6
3778717,메챠쿠챠 윤가놈,6
3778876,메차쿠차 ㅋㅋ,6
3778904,내 친구 윤가상,6
3778905,윤가상,6
3778974,메차쿠차 ㅋㅋ,6
3779043,메챠쿠챠,6
3779181,하핫,6
3779225,메챠쿠챠,6
3779277,역시 윤가상,6
3779322,융가상ㄷㄷ,1
3779394,유명인 ㄷㄷ,1
3779414,윤가상 ㅋㅋ,6
3779457,일본이라는동네 ㄷㄷ,6
3779583,??,6
3779705,메챠쿠챠,6
3779706,ㅁㅊㅋㅊ,6
3779870,메챠쿠챠,6
3779926,포 대 장,6
3780073,메챠쿠챠,6
3780106,메챠쿠챠,6
3780123,윤진석 해외진출,6
3780199,윤가상이랑 메차쿠챠,6
3780234,윤가상~,6
3780240,월클가놈,6
3780244,메차쿠차? ㅋㅋ,6
3780409,코멘토,6
3780438,포대장 포교,6
3780516,메챠쿠챠,6
3780697,매차쿠차ㄷㄷ,6
3780840,메챠쿠챠,6
3780875,메챠쿠챠,6
3780893,메차쿠차,6
3780932,메챠쿠챠,6
3780957,댱이님이 이걸,6
3781176,메카쿠챠 코멘트 ㅋㅋ,6
3781317,윤가상,6
3781339,메차쿠챠,6
3781361,포대장,6
3781397,동네 친구 윤가상,6
3781445,메챠쿠챠,6
3781672,먼니끄상,6
3781722,유카상,6
3782181,메챠쿠차,6
3782210,메챠쿠차ㅑ,6
3782266,메챠쿠챠,6
3782290,메쨔꾸쨔~~,6
3782308,허어어억,6
3782316,연예인 ㄷㄷㄷ,1
3782419,메챠쿠챠,6
3782533,메차쿠챠,6
3782560,메챠쿠챠,6
3782836,윤 상 은 파격적이네,6
3782911,포!대!장!,6
3783160,메챠쿠챠,6
3783184,ㅁㅊㅋㅊ,6
3783196,메챠쿠챠,6
3783363,매짜꾸짜 ㅋㅋㅋㄱ,6
3783387,나여,6
3783491,메챠쿠챠,6
3783601,골목대장 윤진석,6
3783973,놈뚜기,6
3783978,메챠쿠챠,6
3784259,메차쿠챸ㅋㅋ,6
3784403,메챠쿠챠,6
3784492,엉망진창,6
3784512,윤,6
3784569,포대장 ㄷㄷㄷ,1
3784646,멧챠쿠탸,6
3784764,역시 윤가상,6
3784869,쨔스,6
3785557,메챠쿠챠,6
3785609,메챠쿠챠,6
3785664,한본어 존나 잘들리네 ㅋㅋㅋ,6
3785724,메차쿠차 ㅋㅋ,6
3785812,멧챠쿠챠,6
3786120,포 대 장,6
3786242,월클이네,6
3786307,포대장,6
3786452,포대장ㄷㄷ,6
3786706,월클놈 ㄷㄷㄷ,6
3786947,{:d_126:}{:d_126:}{:d_126:}{:d_126:},6
3786959,메챠쿠챠,6
3787221,먼닉님,6
3787338,기업세임?,6
3787467,여윽시 포대장,6
3787488,멧챠쿳차,6
3787729,메차쿠차 ㄷㄷㄷ,1
3787796,진짜 겁나 유명하네ㅋㅋ,6
3787872,긴장을?,6
3788041,메챠쿠챠,6
3788049,먼닉님,6
3788224,몬닉,6
3788253,메챠쿠챠,6
3788312,아니말투가 개웃기네 ㄴㅋㅋㅋ,0
3788548,연예인이여,6
3789061,치통령,6
3789368,메챠쿠챠 ㄷㄷ,6
3789541,먼닉님,6
3789659,가놈아 너 그정도야?,6
3790287,메챠쿠챠 윤가상,6
3790396,ㄹㅇ이가,6
3790416,메챠쿠챠,6
3790480,나여 윤가놈,6
3790624,나여. 포대장.,6
3790682,포 대 장,6
3791340,ㅁㅊㅋㅊ,1
3791813,혁,1
3792048,월 클 진 석,6
3792050,월클놈 ㄷ,6
3792067,ㄱ-,6
3792078,앗..,6
3792119,월——클,6
3792150,윤가놈의 멧차쿠차,6
3792246,아앗,6
3792260,먼닉소속크!,6
3792291,ㅋㄱㄱㄱㅋ ㅋ,0
3792719,먼닉님,6
3792750,사장님이 긴장을;;,6
3792815,망해가는구나,6
3792890,;;;;;,6
3792957,전세계적으로 유명하구나,6
3793671,망해가는 ㅇㅈㄹ,6
3793699,먼닉,6
3793898,ㅋㄱㄲㄱㅋㅋ,0
3793941,ㅋ,6
3794006,👏👁👅👁,6
3794097,망해가는 사장님은 임마,6
3794192,망해가는..,6
3794216,?,6
3794366,머기업 포대장,6
3794408,바지사장이셔?,6
3794567,중소사장,6
3794580,윤OO파워 ㄷㄷ,6
3794802,{:d_126:}{:d_126:},6
3794893,1인 가족 기업,6
3794955,먼닉 ㅋㅋ,6
3794956,치지직대장 윤가놈,6
3794996,{:d_116:}{:d_116:}{:d_116:}{:d_116:},6
3795133,뭣,6
3795769,1인 기업세,6
3795774,어??,6
3795825,망해가는 사장님 ㅋㅋㅋ,6
3795841,뭣,6
3796090,대 먼 닉,6
3796112,ㅁㅊ ㅋㅋㅋ,1
3796253,기업인ㄴ가,6
3796522,망해가는;;;,6
3796538,{:d_116:}{:d_116:}{:d_116:}{:d_116:},6
3796581,망해가는,6
3796684,1인,6
3796750,먼닉씨 ㅋㅋㅋ,6
3796757,망해가는...,6
3796771,월 클,6
3797175,놈하,6
3797243,{:d_116:}{:d_116:},6
3797541,예..?,6
3797829,포 르 노 세 우 스,6
3797988,2인기업임 모치님이 부사장임,6
3798047,나여 포대장.,6
3798061,{:d_126:}{:d_126:}{:d_126:},6
3798328,우리 윤가상 월클이네요잉,6
3798375,월클포대장,6
3798648,메챠쿠챠포대장,6
3798651,?,6
3798670,아,6
3798734,소녀가장,6
3799034,{:d_126:}{:d_126:}{:d_126:},6
3799101,망해가는 사장님,6
3799120,망해가는?,6
3799429,ㅠㅠㅠㅠㅠㅠㅠㅠ,3
3799546,ㄱ-,6
3799694,아이고,3
3799873,망해가는...,3
3799998,그저 포대장~,6
3801004,소녀가장,6
3801494,저런,3
3801707,ㅇㅇ,6
3801781,{:yunzinQs:}{:yunzinQs:}{:yunzinQs:}{:yunzinQs:},6
3801943,야야야야,6
3801978,사산을 한명...,6
3802097,헤이헤이,6
3802108,{:d_116:}{:d_116:}{:d_116:},6
3802224,망해간다니,6
3802505,{:d_126:}{:d_126:}{:d_126:},6
3802643,소녀가장이셔?,6
3802703,{:d_127:},6
3803056,망해가는 ㅠㅠㅠ,3
3803516,먼닉ㅋㅋㅋ,6
3803607,1인이라,6
3803717,1인기업..,6
3803834,중소..,6
3803865,{:d_81:},6
3804342,사잔니무,6
3804613,1인 기업세는 뭐야 ㅋㅋ,6
3804633,난카~,6
3804818,1인기업....,6
3804966,어른의 사정 ㅠㅜㅠㅠㅠ,3
3805269,먼닉님 카에데상이 ㅠㅠㅠㅠㅠㅠㅠㅠㅠ,3
3806520,1명 밖에 없긴해...,6
3806619,ㅈ소임 ??,6
3806850,{:d_126:}{:d_126:}{:d_126:}{:d_126:}{:d_126:},6
3808118,소녀가장...,6
3808664,1인기업,6
3808882,기업세인데 소녀가장임,6
3810645,1인기업...,6
3811010,1인기업ㅋㅋㅋ,6
3811789,윤상이 오케,6
3812086,기업 (사장과 나밖에 없음),6
3812793,사쟈님,6
3812795,한명인데 기업세야?,6
3812910,7,6
3813111,하핫,6
3813941,낳아서?,6
3814328,오케이 ㅋㅋㅋ,6
3814567,윤상이?,6
3814826,{:d_76:}{:d_62:},6
3814827,오께르,6
3815218,윤상이,6
3815249,1인기업,6
3815501,1인기업 ㅋㅋㅋ,6
3815668,윤상,6
3815831,해저써~~!?,6
3815870,1인기업ㄷ ㄷㄷ,1
3816221,신기한거엿어?,6
3816765,머기업 가황..,6
3817228,{:d_106:}{:d_106:}{:d_106:}{:d_106:}{:d_106:},6
3817239,윤상이오케이를해줬어,6
3817467,윤상이 오케이를?,6
3817753,걔가 오케이를 헤줬어?,6
3817760,윤상 ㅋㅋ,6
3817909,오케이를 해줬어요?!!?!,6
3817922,월 클 놈,6
3818009,윤상이 오케에,6
3818333,아 ㅈㄴ웃기네,6
3818717,해조서?!,6
3818762,소녀가장ㅠㅠㅠ,3
3819837,사장님 다른 윤씨 생각한거 아니냐?,6
3819970,월클진석,6
3820682,윤상 ㄷㄷ,6
3820889,그 윤상이?,6
3821064,대 윤 상,6
3821127,윤상이?,6
3822128,윤상이 오케를 해줬어?,6
3822328,윤상이?,6
3822615,이것도 기업세인가,6
3823515,슈퍼스타 윤상이,6
3824356,융상,6
3824780,치지직대장 윤가상,6
3825679,대기업 윤 상,6
3826460,대 윤 상,6
3827228,그 윤상이?,6
3827638,다른 윤상 ??,6
3827705,즐겨보자잇,6
3828408,윤상!,6
3829168,{:d_76:}{:d_76:}{:d_76:}{:d_76:}{:d_76:}{:d_76:}{:d_76:}{:d_76:},6
3829315,좋아요,6
3829671,음?,6
3830170,윤xx,6
3830815,조루 ㅋㅋ,6
3831226,{:d_54:}{:d_54:}{:d_54:}{:d_54:},6
3831643,옥중에서?는 나가라,6
3832027,{:d_49:}{:d_49:}{:d_49:}{:d_49:},6
3832196,윤가상,6
3832468,말투 구수하네,6
3832495,치지직 대장 윤가상,6
3832723,그 윤상이?,6
3834832,윤가상,6
3834924,윤가상 ㅋㅋ,6
3834971,말하는것만들어도재밋네,6
3835901,윤가상,6
3837509,윤가상,6
3837595,얏따,6
3837752,얏타,6
3837977,앵무새 나오겠네,6
3838196,얏따,6
3838207,말투 존내 웃기네,6
3838350,얏따,6
3838563,얏따,6
3838735,윤가상은 기업 수준,6
3838816,얏따~,6
3838857,얏따!,6
3838886,얏따,6
3838893,얏따!,6
3839046,얏다,6
3839071,야따,6
3839421,진짜루?,6
3839519,윤가상,6
3839570,얏따,6
3839740,얏따,6
3839857,얏따,6
3839953,귀엽네 ㅋㅋ,6
3840131,야따~,6
3840207,야타~!,6
3840313,야따~,6
3840368,ㅋㅋㅋ,6
3840377,얏따,6
3840387,얏따~~,6
3840545,윤가상,6
3840568,얏다,6
3840735,얏따,6
3841178,얏따,6
3841304,야따,6
3841442,얏따,6
3841562,얏타~,6
3841592,응가상,6
3841682,얏따,6
3841727,얏따!,6
3842010,얏따,6
3842072,얏따,6
3842235,융가상~,6
3842979,얏따,6
3843045,얏따,6
3843107,윤가상,6
3843313,야따,6
3843403,수퍼스따 윤가상!,6
3844064,치 대 장 윤 가 놈,6
3844345,얐따!,6
3844500,이게 본토의 얏타,6
3844681,아무래도,6
3844712,ㅈㄴ 귀엽네 ㅋㅋㅋ,0
3845523,오,1
3846083,개웃기네저사람,6
3846092,폰트 ㅋㅋ,6
3846439,얏따 ㅋㅋㅋ,6
3846605,아 실루엣이여?,6
3846707,드리는 마르씀,6
3846953,아 실루엣ㅋㅋ,6
3847171,1. 중요하네요,6
3847414,아무래도,6
3847446,{:d_54:},6
3847447,ㅇㅁㄹㄷ,6
3847614,잠만,6
3847759,실루엣ㅋㅋ,6
3848420,그림 ㅋㅋ,6
3848490,시루엣또,6
3849006,{:yunzinSsd:},6
3849151,시루에또~,6
3849287,시루에또,6
3849602,아 이거 그거네 ㅋㅋ,6
3849690,시루에또,6
3849710,늘보던그거들인가,6
3849795,위에서본 푸린같은건가,6
3849947,시루에또,6
3849993,시루엣또,6
3850106,시루에또,6
3850522,설마 그거냐,6
3850542,폰트 진짜 한국인아니네,6
3850808,아 그거,6
3851042,아,6
3851126,아 좀 심한거 나오겠네,4
